,,,,,,,,,,,,,,,,,,,,,,,,,,,,,,,,,,,,,,,,,,,,,,,,,,,,,,,,,,,,,,,
,,,,,,,,,,,,,,,,,,,,,,,,,,,,,,,,,,,,,,,,,,,,,,,,,,,,,,,,,,,,,,,
,,,,,,,,,,,,,,,,,,,,,,,,,,,,,,,,,,,,,,,,,,,,,,,,,,,,,,,,,,,,,,,
,,,,,,,,,,,,,,,,,,,,,,,,,,,,,,,,,,,,,,,,,,,,,,,,,,,,,,,,,,,,,,,
Expected Peformance Notes,Rank,DG ID,Player Name,Top 5,Top 10,Weighted Score,Past Perf. Mult.,SG Total,SG Total Trend,Driving Distance,Driving Distance Trend,Driving Accuracy,Driving Accuracy Trend,SG T2G,SG T2G Trend,SG Approach,SG Approach Trend,SG Around Green,SG Around Green Trend,SG OTT,SG OTT Trend,SG Putting,SG Putting Trend,Greens in Regulation,Greens in Regulation Trend,Scrambling,Scrambling Trend,Great Shots,Great Shots Trend,Poor Shots,Poor Shots Trend,Scoring Average,Scoring Average Trend,Birdies or Better,Birdies or Better Trend,Birdie Chances Created,Birdie Chances Created Trend,Fairway Proximity,Fairway Proximity Trend,Rough Proximity,Rough Proximity Trend,Approach <100 GIR,Approach <100 SG,Approach <100 Prox,Approach <150 FW GIR,Approach <150 FW SG,Approach <150 FW Prox,Approach <150 Rough GIR,Approach <150 Rough SG,Approach <150 Rough Prox,Approach >150 Rough GIR,Approach >150 Rough SG,Approach >150 Rough Prox,Approach <200 FW GIR,Approach <200 FW SG,Approach <200 FW Prox,Approach >200 FW GIR,Approach >200 FW SG,Approach >200 FW Prox,Refined Weighted Score,WAR,Delta Trend Score,Delta Predictive Score
"â†‘ Above average | ğŸ’ª Approach <100 Prox, SG Around Green | âœ… Strong course fit | â„¹ï¸ Recent bucket trend weak (short-term) despite baseline fit | For Course Setup - Î”Predâ†“ Î”Trendâ†“ | BucketSig â†“ z=-0.88 (-0.109) [Sâ†‘ Mâ†‘ Lâ†“ VLâ†“]",1,18417,"Scheffler, Scottie",17,22,1.43,1.153,3.414,0.007,292.296,0.011,64.29%,0.009,2.745,0.011,1.088,0.008,0.699,-0.014,0.958,0.025,1.023,0.074,68.83%,0.022,71.44%,0.005,4.044,0.035,2.867,0.025,68.065,0.000,5.135,0.000,7.667,0.000,31.301,0.012,46.981,-0.023,88.30%,1.692,14.749,85.30%,0.828,18.799,55.40%,0.360,39.658,38.40%,1.710,54.864,76.70%,1.332,26.103,51.70%,1.404,39.219,1.41,0.88,-0.144,-0.072
"â†‘ Above average | ğŸ’ª Approach <100 Prox, Approach >200 FW Prox | ğŸ‘ Good course fit | â†‘ Approach | For Course Setup - Î”Predâ†’ Î”Trendâ†’ | BucketSig â†‘ z=0.74 (0.176) [Sâ†“ Mâ†‘ Lâ†‘ VLâ†“]",2,22085,"Morikawa, Collin",8,10,0.98,0.914,1.272,0.251,287.896,-0.004,75.07%,0.007,1.249,0.182,0.642,0.268,0.027,0.160,0.580,0.067,0.268,-0.234,63.48%,0.031,67.57%,0.024,3.374,0.047,4.091,-0.034,70.412,-0.007,4.491,0.080,4.179,0.000,30.378,-0.017,56.907,-0.046,88.50%,0.252,16.352,83.50%,0.900,18.285,61.80%,1.188,32.926,31.00%,0.000,62.549,74.30%,1.080,27.262,49.60%,0.900,41.734,0.96,0.55,0.623,0.074
"â†‘ Above average | ğŸ’ª Approach <100 Prox, Approach >200 FW Prox | âœ… Strong course fit | â†‘ Off tee | For Course Setup - Î”Predâ†’ Î”Trendâ†‘ | BucketSig â†‘ z=0.97 (0.216) [Sâ†‘ Mâ†‘ Lâ†‘ VLâ†“]",3,14578,"Henley, Russell",5,7,0.97,1.03,1.252,0.009,264.992,0.004,72.07%,0.026,1.491,0.043,0.775,-0.077,0.527,0.062,0.189,15.979,0.052,-3.288,62.89%,0.015,56.83%,0.000,3.102,-0.009,3.353,-0.008,70.213,0.000,4.213,0.021,4.788,0.000,29.167,-0.005,42.254,-0.046,85.40%,1.746,12.617,82.20%,0.360,20.023,57.10%,1.170,36.343,32.80%,0.936,58.618,76.90%,0.504,29.395,48.20%,1.188,39.695,0.96,0.53,0.772,0.114
"ğŸ’ª Approach <100 Prox, Approach >200 FW Prox | ğŸ‘ Good course fit | â†‘ Around green | For Course Setup - Î”Predâ†‘ Î”Trendâ†‘ | BucketSig â†‘ z=1.33 (0.279) [Sâ†“ Mâ†‘ Lâ†‘ VLâ†“]",4,17511,"Straka, Sepp",5,7,0.92,0.983,1.951,0.117,281.924,0.011,73.84%,0.017,1.359,0.039,0.601,-0.097,0.067,1.985,0.690,0.091,0.233,0.032,65.41%,0.021,60.00%,0.006,4.226,0.044,4.156,0.045,69.586,-0.003,4.875,0.032,3.854,0.000,28.734,0.013,40.833,-0.023,82.60%,0.720,16.530,84.70%,1.026,17.761,47.90%,-0.180,42.752,32.00%,-0.090,54.493,73.60%,0.972,27.266,57.60%,0.900,39.568,0.91,0.48,0.984,0.125
"ğŸ’ª Approach <100 Prox, SG Around Green | âœ… Strong course fit | â†‘ Approach | For Course Setup - Î”Predâ†’ Î”Trendâ†’ | BucketSig â†‘ z=0.66 (0.162) [Sâ†‘ Mâ†“ Lâ†‘ VLâ†“]",5,10091,"McIlroy, Rory",7,10,0.83,1.061,1.504,-0.016,314.310,0.000,54.01%,0.015,1.280,-0.044,0.471,0.207,0.648,-0.100,0.161,-0.207,0.314,0.175,57.79%,0.000,70.56%,0.008,4.148,-0.016,3.943,0.007,70.244,0.000,4.529,0.037,4.650,0.000,35.479,-0.004,52.250,-0.048,81.10%,-1.242,16.088,82.50%,0.720,18.935,57.60%,0.000,39.650,40.60%,1.764,60.896,66.80%,0.108,28.609,53.50%,1.476,39.650,0.82,0.43,0.697,0.076
"ğŸ’ª Approach <100 Prox, SG Around Green | âœ… Strong course fit | â„¹ï¸ Recent bucket trend weak (short-term) despite baseline fit | â†‘ Off tee | For Course Setup - Î”Predâ†’ Î”Trendâ†’ | BucketSig â†“ z=-0.50 (-0.042) [Sâ†“ Mâ†“ Lâ†‘ VLâ†“]",6,13562,"Matsuyama, Hideki",4,7,0.75,1.074,1.086,0.000,284.163,0.000,56.50%,0.015,0.411,-0.062,0.015,0.000,0.766,0.016,-0.369,0.279,0.690,0.187,60.69%,0.014,74.78%,0.005,3.519,-0.003,4.189,0.008,70.478,0.000,4.054,0.018,4.130,0.000,30.841,0.020,56.221,-0.010,82.70%,0.648,15.651,81.70%,0.324,20.660,48.80%,-0.270,39.663,29.30%,0.594,53.641,73.50%,1.080,26.384,50.30%,1.278,37.657,0.74,0.44,0.242,-0.066
"ğŸ’ª Approach <100 Prox, Approach >200 FW Prox | ğŸ‘ Good course fit | â†‘ Off tee | For Course Setup - Î”Predâ†“ Î”Trendâ†“ | BucketSig â†“ z=-1.52 (-0.221) [Sâ†‘ Mâ†‘ Lâ†“ VLâ†“]",7,18841,"Hovland, Viktor",6,9,0.62,0.987,0.379,-0.346,287.041,-0.007,64.04%,0.008,0.301,-0.258,0.446,-0.044,0.148,0.103,-0.293,0.420,-0.350,0.235,61.08%,0.005,61.78%,0.009,3.370,0.000,3.668,0.007,71.384,0.000,4.036,-0.005,5.286,0.000,29.797,0.000,73.410,-0.045,91.10%,1.458,14.883,83.20%,0.702,18.604,62.60%,0.720,35.652,36.40%,0.612,65.524,73.00%,1.656,24.515,52.60%,0.792,38.015,0.62,0.46,-0.341,-0.123
"ğŸ’ª Approach <100 Prox, SG Putting | âœ… Strong course fit | â†“ Putting | For Course Setup - Î”Predâ†’ Î”Trendâ†’ | BucketSig â†‘ z=0.34 (0.106) [Sâ†“ Mâ†“ Lâ†‘ VLâ†“]",8,11889,"Fox, Ryan",0,0,0.59,0.969,1.048,0.097,297.562,0.000,54.01%,0.014,0.732,-0.018,0.188,-0.210,0.155,-0.110,0.389,0.300,0.668,-0.912,64.44%,0.017,63.25%,0.014,3.294,0.026,3.893,-0.029,70.820,-0.005,4.190,0.051,3.281,0.000,31.618,-0.011,54.512,-0.008,85.50%,-0.234,17.545,81.80%,0.306,20.180,61.60%,1.422,33.387,42.20%,1.116,59.074,65.90%,-0.036,29.382,45.80%,0.432,41.680,0.58,0.32,0.360,0.039
"ğŸ’ª Approach <100 Prox, Approach >200 FW Prox | ğŸ‘ Good course fit | â†‘ Putting | For Course Setup - Î”Predâ†’ Î”Trendâ†’ | BucketSig â†“ z=-0.87 (-0.106) [Sâ†‘ Mâ†‘ Lâ†‘ VLâ†“]",9,13900,"Lowry, Shane",3,6,0.53,1.025,0.410,0.088,284.204,-0.003,70.02%,0.009,0.520,0.033,0.984,0.044,-0.161,-0.095,-0.302,-0.164,0.355,0.350,70.42%,0.023,57.63%,0.007,3.265,0.027,4.499,-0.010,71.736,-0.004,3.686,0.044,5.517,0.000,29.093,-0.004,57.762,0.009,84.20%,-0.090,15.783,82.70%,0.432,18.993,59.60%,0.594,37.046,40.80%,1.224,55.831,74.30%,1.512,26.561,56.70%,1.044,43.008,0.52,0.46,0.119,-0.034
"ğŸ’ª Approach <100 Prox, Approach >200 FW Prox | âœ… Strong course fit | â„¹ï¸ Recent bucket trend weak (short-term) despite baseline fit | â†‘ Putting | For Course Setup - Î”Predâ†’ Î”Trendâ†’ | BucketSig â†“ z=-0.07 (0.033) [Sâ†“ Mâ†‘ Lâ†‘ VLâ†“]",10,19895,"Schauffele, Xander",5,11,0.57,0.917,0.726,0.048,298.373,0.000,56.69%,0.029,0.817,-0.037,0.154,-0.276,0.078,0.130,0.586,0.139,0.554,0.302,58.99%,0.014,60.04%,0.026,4.050,-0.015,3.737,-0.017,71.009,-0.004,4.299,0.031,2.016,0.000,32.357,0.020,50.190,-0.023,92.00%,1.260,14.632,80.40%,0.180,20.165,58.30%,0.396,37.600,34.50%,-0.198,65.504,72.70%,0.648,27.305,53.90%,0.612,40.290,0.56,0.31,0.362,0.013
"ğŸ’ª Approach <100 Prox, SG Putting | ğŸ‘ Good course fit | â†“ Around green | For Course Setup - Î”Predâ†’ Î”Trendâ†’ | BucketSig â†‘ z=0.85 (0.195) [Sâ†‘ Mâ†‘ Lâ†‘ VLâ†“]",11,6093,"Rose, Justin",4,8,0.53,1.036,0.439,-0.010,273.787,0.016,63.54%,0.018,-0.138,-0.051,-0.201,-0.045,0.207,-0.329,-0.144,0.093,0.609,0.124,57.26%,0.032,61.11%,0.026,3.357,-0.006,3.663,-0.029,71.254,0.000,4.300,-0.013,3.792,0.000,32.730,0.014,44.181,-0.018,90.60%,1.350,14.925,81.60%,0.468,18.846,63.00%,0.828,38.474,44.70%,1.170,53.624,72.40%,0.630,27.687,45.60%,-0.072,51.813,0.52,0.31,0.676,0.066
"ğŸ’ª Approach <100 Prox, Approach >200 FW Prox | ğŸ‘ Good course fit | For Course Setup - Î”Predâ†“ Î”Trendâ†“ | BucketSig â†“ z=-2.11 (-0.324) [Sâ†‘ Mâ†’ Lâ†“ VLâ†“]",12,14609,"Kim, Si Woo",4,7,0.46,1.115,1.271,-0.038,285.275,0.021,69.76%,0.023,1.083,-0.008,0.284,-0.029,0.277,0.000,0.522,0.021,-0.039,0.026,61.44%,0.030,63.31%,0.030,3.714,0.025,3.967,0.042,70.244,0.000,4.209,-0.008,3.762,0.000,29.824,0.043,52.641,-0.005,83.80%,-0.324,16.559,77.80%,0.090,21.934,51.50%,0.126,36.730,37.00%,0.234,65.621,72.10%,1.350,26.006,49.60%,1.206,39.045,0.45,0.34,-0.562,-0.165
"ğŸ’ª Approach <100 Prox, Approach >200 FW Prox | âœ… Strong course fit | â†“ Putting | For Course Setup - Î”Predâ†’ Î”Trendâ†’ | BucketSig â†‘ z=0.47 (0.128) [Sâ†‘ Mâ†‘ Lâ†‘ VLâ†“]",13,12294,"Fleetwood, Tommy",5,7,0.47,1.028,1.607,0.094,288.166,-0.003,64.39%,-0.009,1.368,0.038,1.129,0.127,0.230,-0.044,0.009,-0.028,0.478,-0.520,63.29%,0.017,66.55%,0.027,3.921,-0.022,3.665,-0.024,70.572,-0.005,4.431,0.046,2.213,0.000,32.657,-0.012,57.253,-0.051,90.30%,0.828,15.164,84.10%,0.468,19.398,58.20%,-0.144,39.966,35.50%,-0.054,69.928,69.40%,0.756,28.322,47.70%,0.450,42.276,0.47,0.23,0.665,0.052
ğŸ’ª Approach <100 Prox | â†‘ Putting | For Course Setup - Î”Predâ†’ Î”Trendâ†‘ | BucketSig â†‘ z=0.74 (0.176) [Sâ†“ Mâ†“ Lâ†‘ VLâ†“],14,17576,"Conners, Corey",2,7,0.44,0.902,0.286,-0.321,286.920,-0.005,72.96%,0.004,-0.026,-0.165,-0.214,-0.113,-0.174,0.037,0.362,-0.118,-0.352,0.426,65.39%,0.003,58.53%,-0.005,3.895,-0.006,4.283,0.033,71.207,0.000,4.169,0.008,2.894,0.000,30.896,0.004,54.440,-0.038,84.20%,-0.252,17.428,86.00%,0.828,18.420,55.00%,0.342,35.606,30.90%,0.108,68.499,76.60%,1.080,26.095,49.80%,0.450,44.503,0.43,0.19,0.777,0.031
"ğŸ’ª Approach <100 Prox, Approach >200 FW Prox | ğŸ‘ Good course fit | â†‘ Approach | For Course Setup - Î”Predâ†’ Î”Trendâ†’ | BucketSig â†“ z=-0.37 (-0.020) [Sâ†‘ Mâ†‘ Lâ†‘ VLâ†“]",15,17536,"Spaun, J.J.",1,1,0.37,0.899,0.079,0.020,278.080,-0.013,62.78%,-0.020,0.415,0.035,0.014,0.342,-0.022,0.006,0.423,-0.033,-0.467,-0.072,58.57%,0.000,55.43%,0.030,2.851,0.015,3.796,0.029,71.292,0.000,4.065,0.012,4.978,0.000,31.057,0.013,45.853,-0.062,91.50%,1.242,15.533,79.70%,0.486,20.087,58.00%,0.774,33.445,43.10%,1.782,60.931,71.20%,0.522,28.908,51.00%,0.594,42.955,0.37,0.32,0.195,-0.011
"ğŸ’ª Approach <100 Prox, Approach >200 FW Prox | ğŸ‘ Good course fit | â†‘ Approach | For Course Setup - Î”Predâ†‘ Î”Trendâ†’ | BucketSig â†‘ z=0.79 (0.184) [Sâ†‘ Mâ†‘ Lâ†‘ VLâ†“]",16,15575,"Hoge, Tom",1,5,0.41,0.889,0.820,0.033,275.553,0.023,62.11%,0.032,0.370,-0.258,0.603,0.379,0.097,-0.017,-0.330,-0.108,0.303,0.004,57.79%,0.032,61.41%,0.043,3.924,0.080,4.464,0.089,70.774,0.000,4.390,0.007,1.890,0.000,30.121,0.070,61.059,0.010,80.00%,0.378,16.520,73.40%,0.540,19.044,59.30%,0.234,37.547,34.90%,0.666,58.536,64.90%,-0.198,28.366,48.10%,0.432,42.586,0.4,0.21,0.553,0.132
"ğŸ’ª Approach <100 Prox, Approach >200 FW Prox | ğŸ‘ Good course fit | â†‘ Total game | For Course Setup - Î”Predâ†’ Î”Trendâ†’ | BucketSig â†“ z=-0.14 (0.021) [Sâ†“ Mâ†“ Lâ†‘ VLâ†“]",17,18554,"Rai, Aaron",0,1,0.31,0.932,-0.484,1.046,280.650,-0.004,74.66%,-0.005,0.045,-0.176,-0.005,-0.326,0.061,-0.114,-0.012,-0.494,-0.358,-0.028,66.38%,0.011,61.02%,0.017,2.644,-0.007,3.974,0.010,71.847,0.000,3.316,-0.010,3.651,0.000,33.422,-0.005,43.232,-0.033,83.70%,-0.162,17.101,85.90%,0.234,20.573,57.30%,-0.396,40.289,37.90%,1.512,53.655,78.70%,0.918,28.012,52.60%,0.594,42.815,0.31,0.2,0.250,-0.044
"ğŸ’ª Approach <100 Prox, Approach >200 FW Prox | ğŸ‘ Good course fit | â†“ Putting | For Course Setup - Î”Predâ†’ Î”Trendâ†’ | BucketSig â†‘ z=0.65 (0.160) [Sâ†“ Mâ†‘ Lâ†‘ VLâ†“]",18,17646,"Fitzpatrick, Matt",2,9,0.34,0.983,1.104,0.036,284.513,0.010,68.12%,0.030,0.909,0.136,0.668,0.254,-0.063,-0.446,0.304,0.280,-0.423,-3.654,62.94%,0.044,60.51%,0.000,3.913,0.019,3.739,-0.054,70.484,0.000,4.249,0.000,2.750,0.000,30.833,0.000,83.464,-0.084,89.80%,0.504,15.645,78.40%,-0.342,21.673,58.00%,-0.450,44.809,35.20%,0.432,62.174,67.00%,0.090,29.767,62.30%,1.908,39.667,0.33,0.09,0.613,0.086
"ğŸ’ª Approach <100 Prox, Approach >200 FW Prox | ğŸ‘ Good course fit | â†“ Around green | For Course Setup - Î”Predâ†’ Î”Trendâ†’ | BucketSig â†“ z=-0.55 (-0.050) [Sâ†‘ Mâ†‘ Lâ†“ VLâ†“]",19,15466,"Cantlay, Patrick",8,8,0.26,0.91,1.172,0.144,270.007,0.000,56.55%,0.000,0.758,0.245,0.705,0.172,-0.093,-0.303,0.146,-0.062,0.365,0.123,61.37%,0.033,53.58%,-0.005,2.502,0.014,3.769,-0.027,70.459,-0.004,4.339,0.039,4.299,0.000,26.878,-0.011,58.092,-0.032,91.70%,0.720,14.888,88.30%,0.684,18.626,62.00%,0.288,37.177,35.10%,1.080,68.043,77.80%,1.080,27.563,44.10%,0.252,42.033,0.26,0.3,-0.021,-0.025
"ğŸ’ª Approach <100 Prox, Approach >200 FW Prox | ğŸ‘ Good course fit | â†“ Total game | For Course Setup - Î”Predâ†’ Î”Trendâ†’ | BucketSig â†“ z=-0.80 (-0.095) [Sâ†‘ Mâ†“ Lâ†‘ VLâ†“]",20,23504,"Hoey, Rico",0,1,0.25,0.925,-0.667,-0.378,287.789,0.008,65.45%,0.047,0.296,0.119,-0.055,-0.201,-0.136,-0.122,0.487,0.241,-0.992,0.121,65.63%,0.013,60.29%,0.068,3.410,0.033,4.109,0.060,70.773,0.000,3.889,0.014,3.669,0.000,30.169,0.042,50.118,0.018,83.70%,-0.180,17.890,79.80%,-0.216,23.128,59.40%,0.792,36.554,40.20%,0.990,53.996,70.60%,0.972,28.076,51.20%,0.990,40.571,0.25,0.29,0.026,-0.055
"ğŸ’ª Approach <100 Prox, Approach >200 FW Prox | ğŸ‘ Good course fit | â†“ Off tee | For Course Setup - Î”Predâ†’ Î”Trendâ†’ | BucketSig â†“ z=-0.25 (0.002) [Sâ†‘ Mâ†‘ Lâ†‘ VLâ†“]",21,24968,"Griffin, Ben",2,3,0.28,0.971,1.040,-0.082,287.007,0.008,59.78%,0.018,0.744,-0.083,0.493,0.256,0.212,-0.075,0.038,-0.532,-0.218,0.022,65.32%,0.010,62.01%,0.048,3.874,0.035,3.116,0.057,70.374,0.000,4.266,-0.017,3.348,0.000,31.607,0.027,50.036,0.007,85.80%,0.864,15.247,82.90%,-0.306,22.645,60.00%,0.468,40.558,38.20%,1.242,57.035,68.50%,-0.054,30.856,55.70%,1.044,42.651,0.28,0.15,0.282,0.019
"ğŸ’ª Approach <100 Prox, Approach >200 FW Prox | ğŸ‘ Good course fit | â†‘ Total game | For Course Setup - Î”Predâ†’ Î”Trendâ†’ | BucketSig â†“ z=-0.14 (0.021) [Sâ†‘ Mâ†‘ Lâ†‘ VLâ†“]",22,26096,"Bhatia, Akshay",1,3,0.24,1.009,0.624,0.929,281.368,0.018,64.10%,0.026,0.608,0.744,0.785,-0.011,-0.168,-0.186,-0.009,-0.448,-0.041,0.445,64.66%,0.041,61.19%,0.021,3.514,-0.019,4.615,-0.011,70.928,-0.003,4.294,0.007,2.201,0.000,30.252,0.021,52.005,0.000,84.60%,-0.846,18.046,83.50%,0.702,20.085,57.90%,0.522,37.314,31.80%,0.000,62.782,70.90%,0.846,27.569,49.10%,0.684,42.002,0.23,0.21,0.232,-0.017
"ğŸ’ª Approach <100 Prox, Approach >200 FW Prox | ğŸ‘ Good course fit | â†“ Approach | For Course Setup - Î”Predâ†’ Î”Trendâ†’ | BucketSig â†‘ z=0.74 (0.175) [Sâ†‘ Mâ†’ Lâ†‘ VLâ†‘]",23,22833,"Echavarria, Nico",1,2,0.27,0.947,0.121,0.524,277.537,0.016,63.34%,0.010,-0.002,-0.600,0.326,-0.664,-0.569,-0.120,0.241,0.000,0.104,0.370,61.10%,0.024,53.79%,0.099,3.440,0.133,3.580,-0.010,70.979,0.000,4.136,0.017,1.459,0.000,33.375,0.067,46.783,0.086,82.50%,-0.108,16.463,77.60%,-0.252,21.184,59.20%,0.720,34.564,38.50%,0.612,57.435,70.60%,0.360,28.633,44.10%,0.018,43.934,0.27,0.1,0.488,0.050
"ğŸ’ª Approach <100 Prox, Approach >200 FW Prox | âœ… Strong course fit | â†“ Around green | For Course Setup - Î”Predâ†’ Î”Trendâ†’ | BucketSig â†‘ z=0.36 (0.110) [Sâ†‘ Mâ†‘ Lâ†‘ VLâ†“]",24,23950,"Aberg, Ludvig",4,6,0.28,0.928,1.165,0.081,267.454,-0.006,56.61%,-0.004,0.881,0.103,0.538,0.306,0.194,-0.329,0.148,-0.185,0.531,0.067,58.10%,0.020,63.94%,0.024,4.508,0.011,4.714,-0.023,70.577,-0.004,4.583,0.036,0.154,0.000,27.341,-0.009,53.510,-0.072,82.50%,-0.522,17.590,78.90%,-0.180,20.212,54.70%,-0.090,38.339,30.90%,-0.522,76.983,68.70%,0.540,27.706,49.60%,0.684,37.718,0.28,0.07,0.465,0.050
"ğŸ’ª Approach <100 Prox, SG OTT | ğŸ‘ Good course fit | â†“ Putting | For Course Setup - Î”Predâ†’ Î”Trendâ†’ | BucketSig â†“ z=-0.22 (0.007) [Sâ†‘ Mâ†‘ Lâ†‘ VLâ†“]",25,18634,"McNealy, Maverick",3,5,0.21,0.995,1.583,0.000,290.247,0.000,66.51%,0.030,1.213,0.060,0.570,0.067,0.096,0.128,0.547,0.031,-0.043,-0.159,65.00%,0.012,62.91%,0.015,3.787,0.040,3.582,0.034,70.002,0.000,4.614,0.034,1.663,0.000,32.739,0.004,59.018,-0.025,84.70%,-0.072,16.139,83.40%,0.396,19.900,54.00%,-0.378,40.752,37.20%,0.630,62.306,71.80%,0.504,30.014,46.90%,0.000,46.658,0.2,0.13,0.334,0.015
"ğŸ’ª SG Around Green, SG Putting | âœ… Strong course fit | â„¹ï¸ Recent bucket trend weak (short-term) despite baseline fit | â†“ Approach | For Course Setup - Î”Predâ†’ Î”Trendâ†’ | BucketSig â†“ z=-0.44 (-0.032) [Sâ†‘ Mâ†‘ Lâ†‘ VLâ†“]",26,22760,"Hisatsune, Ryo",1,3,0.2,1.046,1.179,-0.068,284.260,0.023,68.18%,0.065,0.433,-0.098,-0.479,-1.105,0.495,0.018,0.418,0.122,0.778,0.065,66.44%,0.029,62.67%,0.019,3.735,0.102,2.599,0.099,69.285,0.000,4.469,-0.009,0.845,0.000,35.148,0.092,39.195,-0.031,80.30%,-1.764,20.055,84.70%,-0.360,22.175,62.80%,0.612,36.506,36.90%,0.126,62.054,72.60%,0.702,29.468,46.80%,0.198,45.213,0.2,0.14,0.090,-0.032
"ğŸ’ª Approach <100 Prox, SG Putting | âœ… Strong course fit | â„¹ï¸ Recent bucket trend weak (short-term) despite baseline fit | â†“ Around green | For Course Setup - Î”Predâ†’ Î”Trendâ†’ | BucketSig â†“ z=-0.56 (-0.052) [Sâ†‘ Mâ†“ Lâ†‘ VLâ†“]",27,14577,"English, Harris",4,7,0.16,0.958,1.748,0.053,288.420,0.023,65.11%,0.006,0.686,0.011,0.397,0.241,-0.291,-5.137,0.579,0.090,0.860,0.296,67.76%,0.023,59.14%,0.012,3.418,0.064,3.238,0.053,69.846,0.000,4.780,0.018,1.550,0.000,32.385,0.024,50.615,0.073,85.90%,0.342,16.145,76.30%,-0.594,23.175,58.10%,-0.162,38.811,40.20%,0.630,59.083,74.10%,0.522,28.873,49.50%,0.018,44.700,0.16,0.13,0.261,-0.045
"ğŸ’ª Approach >200 FW Prox, Approach <100 Prox | âœ… Strong course fit | â„¹ï¸ Recent bucket trend weak (short-term) despite baseline fit | â†‘ Around green | For Course Setup - Î”Predâ†’ Î”Trendâ†’ | BucketSig â†“ z=-0.08 (0.032) [Sâ†’ Mâ†‘ Lâ†‘ VLâ†“]",28,29767,"Gerard, Ryan",2,3,0.14,1.034,1.199,-0.040,266.880,0.020,60.81%,0.022,1.037,-0.041,0.756,0.104,-0.249,32.360,0.530,0.000,0.480,0.182,62.28%,0.038,50.82%,-0.015,3.002,0.019,3.251,0.000,70.031,0.000,4.367,-0.013,3.157,0.000,27.637,0.024,59.223,-0.004,80.80%,-0.504,17.484,79.70%,-0.072,22.105,55.00%,1.098,35.777,37.30%,0.540,61.742,67.30%,0.306,29.874,50.30%,1.476,36.669,0.14,0.17,0.244,0.008
"ğŸ’ª Approach <100 Prox, Approach >200 FW Prox | ğŸ‘ Good course fit | â†‘ Putting | For Course Setup - Î”Predâ†“ Î”Trendâ†’ | BucketSig â†“ z=-0.86 (-0.105) [Sâ†“ Mâ†‘ Lâ†“ VLâ†“]",29,17606,"Berger, Daniel",2,3,0.13,0.976,-0.267,-0.843,284.755,0.015,67.67%,0.025,0.310,-0.481,0.159,-0.308,-0.172,0.443,0.323,-0.093,-0.231,2.108,65.49%,0.020,56.82%,0.000,3.214,0.016,3.867,0.106,71.674,0.004,3.402,-0.011,2.553,0.000,31.386,0.022,59.017,0.067,89.60%,0.342,15.516,80.10%,-0.072,21.392,57.80%,0.342,36.861,43.50%,0.378,61.750,72.70%,0.900,27.659,50.40%,0.540,41.578,0.12,0.17,-0.052,-0.082
"ğŸ’ª Approach <100 Prox, SG Putting | âœ… Strong course fit | â„¹ï¸ Recent bucket trend weak (short-term) despite baseline fit | â†‘ Tee-to-green | For Course Setup - Î”Predâ†’ Î”Trendâ†’ | BucketSig â†“ z=-1.08 (-0.144) [Sâ†“ Mâ†’ Lâ†‘ VLâ†“]",30,12965,"Fowler, Rickie",1,3,0.14,0.971,0.587,-0.244,281.183,0.011,68.40%,0.028,0.321,2.248,0.164,-0.671,-0.212,0.060,0.369,-0.117,0.700,0.232,62.77%,0.019,62.75%,0.024,3.381,0.000,3.192,0.021,70.940,0.000,3.839,0.016,1.591,0.000,30.833,0.035,47.679,0.041,86.60%,0.072,17.686,79.40%,0.468,21.285,62.60%,1.458,33.245,35.80%,0.108,63.359,63.60%,-0.234,30.896,51.80%,0.630,43.433,0.14,0.12,0.001,-0.064
"ğŸ’ª Approach <100 Prox, Approach >200 FW Prox | ğŸ‘ Good course fit | â†“ Tee-to-green | For Course Setup - Î”Predâ†’ Î”Trendâ†’ | BucketSig â†“ z=-0.46 (-0.035) [Sâ†“ Mâ†‘ Lâ†‘ VLâ†“]",31,23323,"MacIntyre, Robert",1,1,0.15,0.982,0.560,0.008,273.449,0.000,64.25%,0.009,0.055,-2.743,-0.035,0.452,-0.304,-0.099,0.394,-0.031,0.395,0.141,61.13%,0.015,64.01%,0.023,2.737,-0.019,2.911,-0.027,70.826,0.000,3.935,0.000,1.012,0.000,32.469,0.013,45.371,-0.053,87.40%,-1.098,18.761,81.00%,-0.072,21.897,64.50%,1.422,35.028,34.90%,0.450,57.721,67.90%,-0.072,30.291,49.20%,0.324,39.998,0.15,0.09,0.150,-0.013
"ğŸ’ª Approach <100 Prox, Approach >200 FW Prox | âœ… Strong course fit | â†‘ Off tee | For Course Setup - Î”Predâ†’ Î”Trendâ†’ | BucketSig â†‘ z=0.32 (0.101) [Sâ†‘ Mâ†‘ Lâ†‘ VLâ†“]",32,23816,"Valimaki, Sami",2,2,0.16,0.904,-0.254,-0.055,267.488,0.029,60.80%,0.032,-0.327,-0.012,-0.427,-0.180,0.417,0.206,-0.316,3.748,0.119,-0.093,59.86%,0.028,54.81%,0.080,3.048,0.082,3.633,0.119,70.424,0.000,4.615,0.011,2.340,0.000,27.870,0.082,43.989,0.059,86.90%,-0.018,17.226,80.30%,0.198,21.824,60.50%,0.414,39.586,37.60%,0.486,61.811,69.70%,0.378,29.038,52.00%,0.720,40.814,0.16,0.04,0.421,0.057
"ğŸ’ª Approach <100 Prox, SG Putting | ğŸ‘ Good course fit | â†“ Off tee | For Course Setup - Î”Predâ†’ Î”Trendâ†’ | BucketSig â†‘ z=0.21 (0.083) [Sâ†‘ Mâ†‘ Lâ†‘ VLâ†“]",33,29433,"Bridgeman, Jacob",1,2,0.16,0.994,0.565,0.018,279.213,0.016,57.16%,0.005,0.209,0.008,0.641,0.124,-0.341,-0.044,-0.091,-3.107,0.745,0.045,62.35%,0.021,62.74%,0.047,3.784,0.103,3.381,0.077,70.392,0.000,4.191,0.007,1.496,0.000,28.939,0.062,57.590,-0.016,92.30%,0.000,16.772,82.80%,0.324,20.310,56.20%,0.828,41.721,36.40%,0.432,61.663,67.30%,-0.018,30.712,46.10%,0.054,44.789,0.16,0.01,0.376,0.060
"ğŸ’ª Approach <100 Prox, Approach >200 FW Prox | ğŸ‘ Good course fit | â†‘ Around green | For Course Setup - Î”Predâ†’ Î”Trendâ†“ | BucketSig â†“ z=-0.80 (-0.094) [Sâ†‘ Mâ†‘ Lâ†“ VLâ†“]",34,21891,"Kitayama, Kurt",1,1,0.07,0.959,-0.474,0.111,291.901,0.014,57.54%,0.040,0.402,-0.118,0.428,0.000,-0.157,1.068,0.131,0.098,-0.207,-0.037,61.59%,0.030,56.56%,0.009,2.966,0.020,4.724,0.010,71.747,0.000,3.432,0.000,2.883,0.000,32.256,0.011,47.329,-0.036,80.80%,0.144,17.204,79.50%,0.432,21.077,56.20%,0.504,38.504,33.10%,0.666,56.818,70.40%,0.540,29.394,46.70%,0.666,37.418,0.06,0.14,-0.113,-0.017
"ğŸ’ª Approach <100 Prox, Approach >200 FW Prox | ğŸ‘ Good course fit | â†“ Around green | For Course Setup - Î”Predâ†’ Î”Trendâ†’ | BucketSig â†‘ z=0.63 (0.157) [Sâ†‘ Mâ†‘ Lâ†‘ VLâ†“]",35,7399,"Glover, Lucas",1,1,0.1,0.93,-1.361,0.395,280.110,-0.004,74.08%,0.000,-0.398,-0.131,-0.204,-0.094,0.003,-1.906,-0.197,0.132,-0.950,0.238,59.34%,0.006,64.82%,0.008,3.428,0.037,5.971,0.019,73.425,0.000,3.238,0.028,2.354,0.000,35.662,-0.008,73.438,-0.012,89.30%,0.828,14.693,82.20%,1.008,19.052,54.00%,1.278,37.435,29.60%,0.018,73.963,71.30%,0.972,27.495,42.80%,-0.234,44.250,0.1,0.02,0.572,0.062
"ğŸ’ª Approach <100 Prox, SG Around Green | âœ… Strong course fit | â†“ Off tee | For Course Setup - Î”Predâ†‘ Î”Trendâ†‘ | BucketSig â†‘ z=1.77 (0.356) [Sâ†“ Mâ†“ Lâ†‘ VLâ†‘]",36,19396,"Knapp, Jake",2,4,0.11,1.023,0.967,0.000,299.682,0.004,54.88%,0.006,0.683,-0.009,0.023,0.033,0.480,0.099,0.180,-0.124,0.782,0.066,62.22%,0.005,65.97%,0.006,3.993,0.032,3.004,0.052,70.254,0.000,3.842,0.011,-0.647,0.000,34.751,0.007,52.828,0.016,88.20%,0.504,18.559,78.40%,-0.054,22.305,60.10%,1.296,34.906,33.80%,-0.324,63.790,62.70%,-1.026,33.074,47.70%,0.126,43.755,0.11,-0.07,1.057,0.131
"ğŸ’ª Approach <100 Prox, SG Putting | âœ… Strong course fit | â„¹ï¸ Recent bucket trend weak (short-term) despite baseline fit | â†“ Around green | For Course Setup - Î”Predâ†’ Î”Trendâ†’ | BucketSig â†“ z=-0.19 (0.013) [Sâ†‘ Mâ†‘ Lâ†‘ VLâ†“]",37,11676,"Finau, Tony",3,7,0.04,0.891,0.361,0.253,283.041,0.017,51.28%,0.016,0.179,-0.295,0.434,0.056,0.067,-0.830,-0.322,0.533,0.887,-0.610,60.01%,0.045,64.34%,0.041,3.100,0.021,3.948,0.000,71.342,0.000,4.113,0.025,0.794,0.000,29.990,0.031,50.690,-0.018,82.30%,-0.810,18.568,83.20%,-0.018,20.554,49.00%,-1.062,41.255,36.80%,0.486,54.143,70.30%,0.504,29.558,45.60%,0.072,42.127,0.04,-0.03,0.446,0.003
"ğŸ’ª Approach <100 Prox, Approach >200 FW Prox | âœ… Strong course fit | â†‘ Putting | For Course Setup - Î”Predâ†’ Î”Trendâ†’ | BucketSig â†‘ z=0.32 (0.102) [Sâ†‘ Mâ†‘ Lâ†‘ VLâ†“]",38,14636,"Spieth, Jordan",7,8,0.07,0.905,0.321,0.709,293.753,-0.004,61.88%,-0.012,0.020,0.753,-0.371,0.015,0.286,-0.095,0.104,-0.583,0.143,0.763,60.02%,0.009,60.60%,0.000,3.263,-0.003,3.637,-0.028,71.263,0.000,4.189,0.032,-0.328,0.000,34.999,0.018,64.798,-0.013,86.60%,0.486,15.751,79.60%,-0.054,21.142,56.70%,0.486,35.626,35.80%,0.090,62.623,63.80%,-0.504,32.471,46.30%,-0.162,40.794,0.06,-0.1,0.618,0.038
"ğŸ’ª Approach <100 Prox, SG Around Green | âœ… Strong course fit | â„¹ï¸ Recent bucket trend weak (short-term) despite baseline fit | â†“ Off tee | For Course Setup - Î”Predâ†’ Î”Trendâ†’ | BucketSig â†“ z=-0.33 (-0.011) [Sâ†‘ Mâ†‘ Lâ†‘ VLâ†“]",39,10419,"Noren, Alex",1,1,-0.01,0.917,0.254,-0.019,253.073,-0.006,58.56%,0.015,0.367,0.053,-0.022,0.072,0.431,-0.077,-0.043,-1.150,-0.216,-0.135,56.35%,0.023,56.93%,-0.003,3.309,-0.013,3.056,-0.028,71.383,0.000,4.252,0.011,2.649,0.000,29.134,-0.005,74.697,0.022,83.60%,-1.098,19.341,77.20%,-0.198,21.916,51.80%,-0.216,40.647,41.40%,1.620,57.442,70.90%,0.360,29.476,42.10%,0.378,43.150,-0.01,-0.03,0.054,0.022
ğŸ’ª Approach <100 Prox | âš ï¸ Poor course fit | â„¹ï¸ Recent bucket trend strong (short-term) despite baseline fit | â†‘ Total game | For Course Setup - Î”Predâ†’ Î”Trendâ†’ | BucketSig â†‘ z=0.34 (0.106) [Sâ†‘ Mâ†‘ Lâ†‘ VLâ†“],40,17543,"Kim, Michael",1,2,-0.01,0.968,-0.804,2.176,281.700,0.011,52.62%,0.009,-1.133,0.222,0.147,0.172,0.017,-0.680,-1.296,0.089,-0.119,-0.139,55.43%,0.025,66.13%,0.000,3.329,-0.014,4.425,0.054,72.288,0.000,3.589,0.008,1.894,0.000,31.588,0.004,73.517,-0.006,83.70%,0.414,16.010,80.40%,0.738,18.884,52.90%,0.144,37.531,40.40%,0.936,55.802,66.90%,-0.180,30.788,46.10%,-0.180,45.321,-0.01,-0.08,0.467,0.050
"ğŸ’ª Approach <100 Prox, Approach >200 FW Prox | ğŸ‘ Good course fit | â†“ Approach | For Course Setup - Î”Predâ†’ Î”Trendâ†’ | BucketSig â†“ z=-0.22 (0.007) [Sâ†‘ Mâ†‘ Lâ†‘ VLâ†“]",41,13872,"Bradley, Keegan",2,6,-0.03,0.905,0.598,-0.163,286.272,0.000,66.83%,0.004,0.295,-0.215,-0.215,-6.649,0.194,0.401,0.315,-0.021,0.089,-0.024,61.24%,0.006,63.12%,0.016,3.798,-0.028,4.162,0.009,71.108,0.000,4.267,0.009,-0.131,0.000,30.992,0.024,65.846,-0.019,77.60%,-0.702,18.580,85.80%,0.864,18.893,56.50%,-0.288,38.251,28.20%,-0.918,71.119,67.10%,0.360,28.348,50.40%,0.306,43.999,-0.03,-0.03,0.398,-0.019
"ğŸ’ª Approach <100 Prox, SG Putting | âœ… Strong course fit | â†“ Putting | For Course Setup - Î”Predâ†’ Î”Trendâ†’ | BucketSig â†‘ z=0.44 (0.123) [Sâ†“ Mâ†‘ Lâ†‘ VLâ†“]",42,17780,"Pendrith, Taylor",1,7,-0.02,0.94,1.215,-0.009,275.368,0.000,51.55%,-0.010,1.521,-0.091,0.894,-0.105,0.069,0.133,0.558,-0.036,0.543,-0.511,60.82%,0.006,56.91%,0.027,3.553,-0.020,3.702,-0.024,70.407,0.000,4.606,0.032,1.329,0.000,29.187,-0.008,58.775,-0.009,82.40%,-0.720,18.499,79.80%,-0.036,22.441,55.70%,0.252,40.922,35.00%,0.648,63.978,73.00%,0.486,29.780,45.00%,-0.324,47.235,-0.02,-0.07,0.598,0.052
ğŸ’ª Approach <100 Prox | âš ï¸ Poor course fit | â„¹ï¸ Recent bucket trend strong (short-term) despite baseline fit | â†‘ Around green | For Course Setup - Î”Predâ†‘ Î”Trendâ†‘ | BucketSig â†‘ z=1.76 (0.353) [Sâ†“ Mâ†‘ Lâ†‘ VLâ†“],43,19483,"Burns, Sam",1,5,-0.01,0.91,0.965,-0.038,284.832,0.008,60.26%,0.011,0.162,-0.073,0.283,0.328,-0.279,0.808,0.157,0.073,0.452,0.043,60.22%,0.028,60.68%,0.016,4.675,0.034,4.422,0.016,70.534,0.000,4.464,0.004,-0.118,0.000,32.605,0.008,51.820,-0.036,81.00%,-0.162,17.342,80.50%,0.432,19.823,55.60%,0.198,40.249,34.00%,0.018,65.225,66.90%,0.054,30.050,43.70%,-0.540,47.518,-0.01,-0.14,1.229,0.166
"ğŸ’ª SG Around Green, Approach <100 Prox | âœ… Strong course fit | â„¹ï¸ Recent bucket trend weak (short-term) despite baseline fit | â†‘ Putting | For Course Setup - Î”Predâ†“ Î”Trendâ†“ | BucketSig â†“ z=-1.06 (-0.139) [Sâ†‘ Mâ†“ Lâ†“ VLâ†“]",44,27774,"Gotterup, Chris",2,2,-0.07,1.118,0.860,-0.071,296.919,0.006,56.03%,0.009,1.320,0.042,-0.061,-0.535,0.772,0.470,0.609,0.034,-0.734,0.830,61.84%,0.000,64.87%,0.003,4.442,0.032,3.955,0.040,69.464,0.000,5.006,0.017,0.616,0.000,33.375,0.037,43.318,-0.032,85.10%,-0.180,18.423,82.50%,0.072,22.113,57.20%,0.612,39.977,33.10%,0.522,56.448,69.90%,0.126,30.611,44.80%,-0.522,47.825,-0.07,0,-0.213,-0.085
"ğŸ’ª Approach <100 Prox, Approach >200 FW Prox | ğŸ‘ Good course fit | â†“ Approach | For Course Setup - Î”Predâ†’ Î”Trendâ†’ | BucketSig â†“ z=-0.74 (-0.084) [Sâ†‘ Mâ†‘ Lâ†‘ VLâ†“]",45,6430,"Scott, Adam",2,4,-0.08,0.935,0.773,0.020,272.458,0.004,52.69%,-0.025,0.922,0.051,0.045,-1.301,0.214,0.569,0.664,0.030,-0.292,0.351,54.57%,-0.009,59.28%,0.008,3.090,-0.022,3.025,-0.050,71.076,0.000,3.657,0.013,0.807,0.000,25.973,-0.025,55.886,0.022,85.20%,1.044,15.113,77.90%,-0.396,20.643,53.10%,0.450,38.665,27.70%,0.126,62.251,67.00%,-0.162,30.003,49.90%,0.450,42.528,-0.08,-0.03,0.116,-0.054
"ğŸ’ª Approach <100 Prox, Approach >200 FW Prox | ğŸ‘ Good course fit | â†“ Putting | For Course Setup - Î”Predâ†’ Î”Trendâ†’ | BucketSig â†“ z=-0.26 (0.000) [Sâ†‘ Mâ†‘ Lâ†‘ VLâ†“]",46,13126,"Taylor, Nick",1,2,-0.08,0.927,0.721,-0.093,278.503,0.011,65.80%,0.022,0.748,0.197,0.648,0.574,0.220,-0.370,-0.119,0.174,-0.681,-1.037,67.84%,0.023,62.97%,0.008,3.229,0.011,3.655,0.035,70.811,0.000,3.518,-0.023,0.785,0.000,30.148,0.013,55.406,-0.021,80.50%,-0.270,19.279,83.70%,0.216,21.343,52.30%,-0.810,35.173,27.80%,-0.072,66.156,73.00%,0.126,29.329,54.30%,0.972,42.812,-0.08,-0.05,0.299,-0.016
"ğŸ’ª Approach <100 Prox, SG OTT | ğŸ‘ Good course fit | â†“ Total game | For Course Setup - Î”Predâ†’ Î”Trendâ†’ | BucketSig â†“ z=-0.40 (-0.025) [Sâ†“ Mâ†‘ Lâ†‘ VLâ†“]",47,26651,"Young, Cameron",1,5,-0.12,0.931,-0.060,-1.197,298.429,0.000,62.05%,0.010,0.043,-0.478,-0.476,0.223,-0.030,0.025,0.549,-0.040,-0.445,0.449,61.35%,0.007,56.70%,0.010,4.363,0.017,4.718,0.052,71.728,0.000,4.040,0.006,0.433,0.000,33.577,0.011,48.601,0.004,84.00%,-0.234,16.852,78.40%,0.288,20.934,58.90%,0.612,37.568,35.70%,0.576,61.783,67.80%,0.180,28.552,42.20%,-0.720,47.659,-0.12,-0.05,0.090,-0.037
"ğŸ’ª Approach <100 Prox, SG Putting | âœ… Strong course fit | â„¹ï¸ Recent bucket trend weak (short-term) despite baseline fit | â†‘ Tee-to-green | For Course Setup - Î”Predâ†’ Î”Trendâ†’ | BucketSig â†“ z=-0.65 (-0.067) [Sâ†‘ Mâ†‘ Lâ†‘ VLâ†“]",48,28635,"McCarty, Matt",1,1,-0.18,0.923,0.151,-0.213,273.465,0.019,68.28%,0.035,-1.040,4.293,-0.588,-1.305,-0.532,0.214,0.079,-0.103,1.375,0.233,59.10%,0.022,59.66%,0.020,3.161,0.016,3.467,0.039,70.489,0.000,4.240,-0.010,0.545,0.000,34.164,0.050,45.747,-0.020,83.50%,0.072,16.422,77.10%,-0.252,22.859,57.90%,0.756,36.799,35.70%,0.126,65.210,66.50%,0.306,28.862,45.20%,-0.414,43.925,-0.18,-0.14,0.061,-0.040
"ğŸ’ª Approach <100 Prox, Approach >200 FW Prox | ğŸ‘ Good course fit | â†‘ Around green | For Course Setup - Î”Predâ†“ Î”Trendâ†“ | BucketSig â†“ z=-0.89 (-0.110) [Sâ†‘ Mâ†‘ Lâ†“ VLâ†“]",49,23505,"McGreevy, Max",2,2,-0.21,0.964,-0.218,-0.075,281.896,0.022,65.39%,0.032,0.603,0.055,0.371,-0.043,-0.077,0.855,0.309,0.032,-0.676,0.781,67.47%,0.024,55.44%,0.046,2.551,0.027,3.408,0.062,71.020,0.000,3.583,-0.003,0.792,0.000,31.189,0.060,50.931,0.067,90.90%,1.026,17.862,81.10%,0.090,20.956,57.90%,-0.360,38.749,35.20%,0.486,53.397,63.90%,-0.324,31.351,50.60%,0.306,42.009,-0.21,-0.07,-0.081,-0.074
ğŸ’ª Approach <100 Prox | âš ï¸ Poor course fit | â„¹ï¸ Recent bucket trend strong (short-term) despite baseline fit | â†“ Approach | For Course Setup - Î”Predâ†’ Î”Trendâ†’ | BucketSig â†‘ z=0.11 (0.065) [Sâ†‘ Mâ†‘ Lâ†‘ VLâ†“],50,19870,"McCarthy, Denny",4,7,-0.19,0.893,-0.504,-4.156,268.843,0.016,58.49%,0.034,-0.617,0.167,-0.075,-4.661,0.227,3.918,-0.769,0.150,0.025,-0.152,58.54%,0.022,65.34%,0.028,2.690,0.013,4.068,0.019,72.078,0.000,3.190,-0.016,0.270,0.000,30.082,0.022,75.951,0.048,88.20%,-0.540,18.943,85.60%,-0.054,20.812,57.40%,0.576,34.897,32.70%,-0.054,66.755,73.00%,0.432,30.588,46.60%,-0.054,45.545,-0.18,-0.21,0.540,0.037
"ğŸ’ª Approach <100 Prox, SG Around Green | ğŸ‘ Good course fit | â†“ Around green | For Course Setup - Î”Predâ†“ Î”Trendâ†’ | BucketSig â†“ z=-0.60 (-0.059) [Sâ†‘ Mâ†“ Lâ†‘ VLâ†“]",51,21554,"Poston, J.T.",1,3,-0.26,0.923,0.018,-0.008,282.441,0.019,64.75%,0.019,0.306,-0.028,-0.042,-0.184,0.338,-2.043,0.010,-0.136,-0.129,0.974,62.29%,0.020,61.06%,0.037,2.792,0.049,4.040,0.000,71.344,0.000,3.544,0.018,1.728,0.000,33.861,0.034,62.876,0.035,78.40%,-1.080,19.068,80.00%,-0.360,21.680,56.00%,0.090,40.434,30.30%,1.026,60.801,73.90%,0.306,29.768,48.50%,0.576,45.512,-0.25,-0.11,0.004,-0.074
ğŸ’ª Approach <100 Prox | â†“ Putting | For Course Setup - Î”Predâ†’ Î”Trendâ†’ | BucketSig â†‘ z=0.37 (0.111) [Sâ†’ Mâ†“ Lâ†‘ VLâ†“],52,16283,"Rodgers, Patrick",2,5,-0.23,0.899,-0.923,-0.417,290.540,0.020,52.39%,0.010,-0.610,-0.609,-0.724,0.966,0.242,0.087,-0.128,-0.446,-0.337,-0.968,56.09%,0.000,56.72%,0.028,3.942,0.035,4.709,0.173,72.130,0.005,3.698,-0.038,0.613,0.000,35.858,0.043,62.668,0.025,82.00%,-1.116,19.554,75.20%,-0.216,22.204,52.50%,-0.378,39.835,38.50%,0.738,58.921,66.90%,0.360,30.004,45.50%,-0.162,46.154,-0.22,-0.27,0.408,0.048
"ğŸ’ª Approach <100 Prox, SG OTT | ğŸ‘ Good course fit | â†“ Around green | For Course Setup - Î”Predâ†‘ Î”Trendâ†‘ | BucketSig â†‘ z=5.28 (0.970) [Sâ†‘ Mâ†‘ Lâ†‘ VLâ†‘]",53,22465,"Penge, Marco",0,0,-0.33,0.857,-0.791,0.418,294.459,0.008,46.19%,-0.047,0.416,-0.322,-0.312,0.072,-0.139,-4.052,0.867,-0.071,-1.122,0.055,63.65%,0.027,42.77%,0.008,3.360,-0.020,4.559,0.043,71.411,0.000,3.689,0.010,-1.621,0.000,31.035,-0.020,42.466,-0.025,87.60%,0.540,16.900,71.70%,-1.674,27.683,63.70%,0.180,35.262,35.50%,-0.972,57.067,71.90%,0.936,29.200,38.50%,0.396,42.360,-0.33,-0.11,2.194,0.696
"ğŸ’ª Approach <100 Prox, SG Around Green | âœ… Strong course fit | â„¹ï¸ Recent bucket trend weak (short-term) despite baseline fit | â†“ Approach | For Course Setup - Î”Predâ†’ Î”Trendâ†’ | BucketSig â†“ z=-0.61 (-0.061) [Sâ†‘ Mâ†‘ Lâ†‘ VLâ†“]",54,9771,"Day, Jason",3,11,-0.37,0.992,0.664,0.014,277.150,0.017,55.88%,0.017,0.406,-0.051,0.151,-0.348,0.495,0.040,-0.239,-0.218,0.571,0.079,60.82%,0.037,63.02%,0.031,2.934,0.000,2.455,0.039,70.782,0.000,3.552,0.010,-0.867,0.000,35.538,0.025,52.808,-0.011,89.00%,1.458,12.431,81.70%,0.558,20.061,60.50%,0.900,35.876,31.40%,-0.648,67.347,69.70%,-0.720,33.410,47.50%,-0.378,54.281,-0.36,-0.16,0.075,-0.031
"ğŸ’ª Approach <100 Prox, SG Putting | âœ… Strong course fit | â„¹ï¸ Recent bucket trend weak (short-term) despite baseline fit | â†‘ Tee-to-green | For Course Setup - Î”Predâ†’ Î”Trendâ†’ | BucketSig â†“ z=-0.40 (-0.024) [Sâ†‘ Mâ†‘ Lâ†‘ VLâ†“]",55,27194,"Hall, Harry",0,1,-0.32,0.921,0.823,-0.021,269.809,0.009,56.46%,0.017,-0.448,0.359,-0.471,0.128,0.351,0.054,-0.328,0.215,1.021,0.152,55.33%,0.008,62.86%,0.019,3.449,0.026,3.033,0.000,69.536,0.000,4.421,0.012,-0.630,0.000,32.071,0.008,57.670,-0.015,87.00%,0.954,16.201,79.40%,0.126,21.539,57.50%,0.126,38.981,35.80%,-0.414,71.600,65.60%,-0.216,31.980,40.40%,-0.468,46.297,-0.31,-0.29,0.105,0.014
"ğŸ’ª Approach <100 Prox, Approach >200 FW Prox | ğŸ‘ Good course fit | â†“ Off tee | For Course Setup - Î”Predâ†‘ Î”Trendâ†‘ | BucketSig â†‘ z=1.35 (0.283) [Sâ†“ Mâ†‘ Lâ†‘ VLâ†“]",56,17538,"Homa, Max",5,12,-0.36,0.862,-1.269,1.154,276.914,0.015,53.15%,-0.005,-1.722,0.258,-0.713,0.317,-0.681,0.020,-0.328,-1.863,-0.240,-0.131,50.80%,0.024,56.57%,0.000,2.524,-0.061,4.427,-0.022,73.050,0.000,3.172,-0.032,1.146,0.000,33.108,0.011,66.609,0.035,82.20%,0.252,17.567,84.70%,0.414,19.920,48.50%,-0.630,41.295,40.50%,0.594,62.082,65.80%,-0.306,30.579,50.80%,0.612,42.388,-0.35,-0.3,1.011,0.139
"ğŸ’ª Approach <100 Prox, Approach >200 FW Prox | ğŸ‘ Good course fit | â†“ Putting | For Course Setup - Î”Predâ†’ Î”Trendâ†’ | BucketSig â†“ z=-0.27 (-0.001) [Sâ†‘ Mâ†‘ Lâ†‘ VLâ†“]",57,23604,"Clark, Wyndham",4,6,-0.38,0.907,-1.005,1.156,293.437,0.017,54.94%,0.000,-0.558,-0.120,-0.453,-1.357,0.104,0.038,-0.209,0.636,-0.917,-1.818,55.16%,0.020,59.87%,0.018,3.269,0.000,5.074,0.050,72.540,0.000,3.869,0.011,-1.126,0.000,30.852,0.039,70.465,0.014,78.30%,-0.108,16.739,78.50%,0.270,21.221,55.70%,0.198,38.645,26.90%,-1.098,71.152,70.10%,0.450,28.581,54.80%,0.468,43.651,-0.38,-0.27,0.230,0.019
"ğŸ’ª Approach <100 Prox, SG Putting | ğŸ‘ Good course fit | â†‘ Total game | For Course Setup - Î”Predâ†‘ Î”Trendâ†‘ | BucketSig â†‘ z=1.70 (0.343) [Sâ†‘ Mâ†‘ Lâ†‘ VLâ†“]",58,16841,"Lee, Min Woo",2,2,-0.36,0.97,0.119,2.027,291.869,0.009,60.88%,0.028,0.259,0.072,0.200,-0.189,0.146,-0.100,-0.088,-0.126,1.322,-0.893,58.07%,0.038,65.60%,0.025,4.166,0.038,4.670,-0.016,71.502,-0.005,4.193,0.041,-2.422,0.000,30.561,0.008,84.404,-0.053,90.40%,0.360,15.411,77.50%,-0.036,21.595,47.80%,-1.368,44.504,29.50%,-1.260,69.959,69.90%,-0.126,30.579,46.60%,-0.144,49.148,-0.36,-0.39,1.032,0.178
"ğŸ’ª Approach <100 Prox, Approach >200 FW Prox | ğŸ‘ Good course fit | â†“ Tee-to-green | For Course Setup - Î”Predâ†’ Î”Trendâ†’ | BucketSig â†“ z=-1.01 (-0.131) [Sâ†“ Mâ†‘ Lâ†“ VLâ†“]",59,14502,"Cauley, Bud",0,0,-0.42,0.874,-0.903,0.139,275.035,0.016,69.22%,0.050,0.052,-0.437,0.308,-0.063,-0.323,0.255,0.068,0.199,-0.832,0.066,64.46%,0.031,43.20%,-0.022,3.090,0.026,4.286,0.044,71.612,0.000,4.112,0.022,1.617,0.000,30.211,0.028,42.538,0.013,88.70%,1.368,15.815,83.40%,0.666,19.333,46.40%,-0.954,39.856,31.70%,0.126,65.046,72.80%,0.702,29.777,44.90%,-0.072,43.887,-0.42,-0.16,-0.063,-0.063
ğŸ’ª Approach <100 Prox | âš ï¸ Poor course fit | â†‘ Around green | For Course Setup - Î”Predâ†’ Î”Trendâ†’ | BucketSig â†“ z=-0.46 (-0.034) [Sâ†‘ Mâ†‘ Lâ†“ VLâ†“],60,8825,"Harman, Brian",0,0,-0.41,0.865,-0.870,-0.226,270.095,0.007,63.25%,0.021,-0.688,-0.363,-0.484,-0.391,0.161,0.774,-0.365,-0.096,-0.187,0.199,56.28%,0.018,56.34%,0.044,2.610,0.009,4.302,0.010,72.214,0.000,3.552,0.011,0.370,0.000,30.126,0.000,59.373,0.020,91.00%,1.656,14.341,79.00%,0.378,20.246,56.90%,-0.072,37.757,33.60%,-0.054,69.866,66.80%,-0.072,29.219,47.90%,-0.234,46.527,-0.4,-0.28,0.027,-0.023
"ğŸ’ª Approach <100 Prox, Approach >200 FW Prox | ğŸ‘ Good course fit | â†“ Tee-to-green | For Course Setup - Î”Predâ†“ Î”Trendâ†“ | BucketSig â†“ z=-1.92 (-0.291) [Sâ†“ Mâ†‘ Lâ†“ VLâ†“]",61,23014,"Theegala, Sahith",2,7,-0.45,0.999,-0.516,-0.268,287.548,0.024,56.44%,0.051,-0.333,-1.126,0.442,-0.996,-0.324,-0.154,-0.451,0.000,-0.140,-0.318,63.56%,0.020,57.20%,0.041,3.176,-0.040,4.219,0.091,72.017,0.004,3.871,-0.029,0.345,0.000,32.136,0.054,49.366,0.005,80.20%,-0.810,19.473,80.00%,-0.288,21.742,48.80%,-0.576,37.604,33.80%,0.252,62.106,67.40%,0.018,29.338,50.00%,0.810,41.922,-0.45,-0.26,-0.466,-0.147
ğŸ’ª Approach <100 Prox | â†“ Total game | For Course Setup - Î”Predâ†’ Î”Trendâ†’ | BucketSig â†‘ z=0.21 (0.083) [Sâ†‘ Mâ†‘ Lâ†‘ VLâ†“],62,23465,"Greyserman, Max",0,0,-0.41,0.939,0.286,-0.722,282.656,0.017,57.01%,0.007,-0.056,0.365,-0.113,-0.637,0.090,0.050,-0.033,0.010,0.347,0.495,57.72%,0.030,59.08%,0.068,2.870,0.036,4.167,0.033,71.277,0.000,3.794,-0.014,-1.585,0.000,32.549,0.065,39.813,0.006,82.90%,-1.206,18.021,79.60%,-0.486,22.539,51.20%,-0.054,39.569,26.90%,-0.558,65.181,71.10%,0.252,32.056,48.20%,-0.108,45.271,-0.41,-0.41,0.482,0.042
"ğŸ’ª Approach <100 Prox, Approach >200 FW Prox | ğŸ‘ Good course fit | â†‘ Putting | For Course Setup - Î”Predâ†’ Î”Trendâ†’ | BucketSig â†“ z=-0.40 (-0.024) [Sâ†“ Mâ†‘ Lâ†‘ VLâ†“]",63,23475,"Novak, Andrew",1,3,-0.48,0.965,-0.766,1.937,277.439,0.024,64.73%,0.037,-0.724,-0.438,-0.141,-0.019,-0.726,-0.126,0.143,-0.657,0.009,2.201,59.26%,0.036,57.93%,0.025,3.258,0.019,5.275,0.033,72.228,0.000,4.392,0.017,-0.309,0.000,29.216,0.023,66.801,0.022,86.40%,0.756,15.509,78.80%,-0.036,21.180,51.60%,-0.648,42.185,29.30%,-0.342,70.068,66.30%,0.108,29.125,45.50%,0.036,41.376,-0.47,-0.35,0.241,-0.005
ğŸ’ª Approach <100 Prox | âš ï¸ Poor course fit | â„¹ï¸ Recent bucket trend strong (short-term) despite baseline fit | â†“ Around green | For Course Setup - Î”Predâ†’ Î”Trendâ†’ | BucketSig â†‘ z=0.47 (0.129) [Sâ†’ Mâ†‘ Lâ†‘ VLâ†“],64,25569,"Stevens, Sam",1,3,-0.49,0.972,-0.113,-0.191,288.630,0.021,64.98%,0.038,0.361,-0.074,0.030,-0.139,-0.005,-0.418,0.336,0.071,-0.839,0.369,60.93%,0.022,55.32%,0.011,2.984,-0.005,4.473,0.068,71.684,0.000,3.288,-0.010,-1.239,0.000,31.580,0.062,59.128,-0.028,86.90%,0.306,17.548,81.80%,-0.270,21.796,45.50%,-1.062,40.016,33.10%,0.018,65.430,69.80%,-0.216,31.348,46.30%,-0.216,46.344,-0.48,-0.45,0.686,0.034
"ğŸ’ª Approach <100 Prox, Approach >200 FW Prox | ğŸ‘ Good course fit | â†“ Total game | For Course Setup - Î”Predâ†‘ Î”Trendâ†’ | BucketSig â†‘ z=0.49 (0.131) [Sâ†“ Mâ†‘ Lâ†‘ VLâ†“]",65,24342,"Higgo, Garrick",1,1,-0.48,0.871,-0.683,-0.780,295.074,0.004,57.76%,0.022,-1.431,0.149,-1.151,0.137,-0.248,0.325,-0.032,0.048,0.037,0.182,54.65%,0.003,57.31%,0.070,3.546,0.008,3.877,0.036,72.126,0.000,3.650,-0.021,-1.680,0.000,35.464,0.032,59.245,0.000,81.00%,-1.332,18.375,81.00%,-0.342,22.051,47.40%,-0.648,39.743,34.20%,-0.288,67.365,64.60%,0.252,32.110,47.50%,-0.306,42.422,-0.48,-0.49,0.504,0.120
ğŸ’ª Approach <100 Prox | âš ï¸ Poor course fit | â„¹ï¸ Recent bucket trend strong (short-term) despite baseline fit | â†‘ Around green | For Course Setup - Î”Predâ†’ Î”Trendâ†’ | BucketSig â†‘ z=0.52 (0.136) [Sâ†“ Mâ†‘ Lâ†‘ VLâ†‘],66,18628,"Campbell, Brian",0,0,-0.54,0.853,-2.033,0.217,263.191,0.013,62.65%,0.024,-2.390,0.151,-0.669,0.578,-0.175,1.635,-1.546,-0.010,0.124,-0.092,51.74%,0.023,60.50%,0.000,3.092,-0.019,4.098,0.033,73.244,0.000,3.217,0.009,-0.528,0.000,33.570,0.013,53.322,-0.017,85.60%,-0.432,19.651,80.70%,0.180,21.987,53.00%,-0.738,37.307,32.60%,-0.306,61.740,67.80%,0.486,29.492,41.10%,-0.216,47.145,-0.53,-0.39,0.472,0.038
"ğŸ’ª Approach <100 Prox, Approach >200 FW Prox | ğŸ‘ Good course fit | â†‘ Putting | For Course Setup - Î”Predâ†’ Î”Trendâ†’ | BucketSig â†“ z=-0.10 (0.029) [Sâ†‘ Mâ†“ Lâ†‘ VLâ†“]",67,17881,"Yu, Kevin",0,2,-0.55,0.916,-0.781,0.245,273.000,0.000,49.41%,0.000,-1.044,0.310,-0.948,0.240,-0.158,0.662,0.062,0.170,-0.453,5.310,53.49%,0.010,54.77%,0.054,3.024,0.020,4.036,0.062,71.892,0.000,3.878,0.008,-2.534,0.000,30.520,0.039,51.901,0.008,79.10%,-0.900,19.010,85.50%,0.090,21.936,47.40%,-1.152,43.152,29.40%,-1.260,62.449,71.10%,0.324,29.111,51.50%,0.900,40.342,-0.54,-0.39,0.362,0.026
"ğŸ’ª Approach <100 Prox, Approach >200 FW Prox | ğŸ‘ Good course fit | â†‘ Around green | For Course Setup - Î”Predâ†’ Î”Trendâ†’ | BucketSig â†“ z=-0.28 (-0.003) [Sâ†‘ Mâ†‘ Lâ†’ VLâ†“]",68,20722,"Schmid, Matti",0,1,-0.59,0.856,-1.598,0.356,275.886,0.022,51.14%,0.008,-0.914,0.152,-1.056,0.213,0.204,10.395,-0.062,1.595,-0.180,0.403,59.33%,0.016,51.67%,0.081,2.654,0.047,5.262,0.160,72.047,0.000,3.832,0.000,-1.186,0.000,29.101,0.096,60.458,0.154,77.50%,-1.296,18.852,71.60%,-1.026,25.328,54.20%,-0.450,41.118,32.10%,-0.396,60.479,74.80%,0.540,29.607,53.50%,0.540,41.161,-0.59,-0.38,0.177,-0.011
ğŸ’ª Approach <100 Prox | âš ï¸ Poor course fit | â†“ Off tee | For Course Setup - Î”Predâ†’ Î”Trendâ†’ | BucketSig â†“ z=-0.01 (0.045) [Sâ†“ Mâ†‘ Lâ†‘ VLâ†“],69,24766,"Kim, Tom",0,2,-0.6,0.928,-0.742,-0.233,283.155,0.025,61.17%,0.019,-0.466,-0.200,-0.135,-0.186,-0.037,-0.251,-0.294,-0.298,-0.112,-0.252,56.55%,0.040,56.70%,0.010,2.314,0.033,3.813,-0.029,72.187,0.000,3.308,0.000,-1.332,0.000,36.217,0.006,55.515,0.006,82.10%,-0.216,18.249,80.10%,0.432,19.788,49.50%,0.108,38.653,31.80%,-0.306,67.212,64.70%,-0.090,30.975,43.30%,-0.756,49.087,-0.59,-0.45,0.451,0.001
"ğŸ’ª Approach <100 Prox, SG OTT | ğŸ‘ Good course fit | â†‘ Around green | For Course Setup - Î”Predâ†’ Î”Trendâ†“ | BucketSig â†“ z=-1.29 (-0.181) [Sâ†‘ Mâ†“ Lâ†“ VLâ†‘]",70,28309,"Coody, Pierceson",1,2,-0.65,1.058,-0.016,-0.167,292.143,0.021,55.95%,0.038,0.475,-0.054,0.355,0.077,-0.622,7.096,0.743,0.076,-0.542,0.382,68.51%,0.020,54.91%,0.007,3.946,0.000,4.595,0.105,70.288,0.003,5.011,0.006,-1.482,0.000,28.289,0.011,51.331,0.078,92.00%,1.152,16.024,86.40%,0.270,22.228,54.00%,-0.756,42.543,34.10%,-1.044,61.946,64.40%,-0.072,31.973,53.30%,0.216,44.668,-0.65,-0.32,-0.602,-0.069
â†“ Below field average | ğŸ’ª Approach <100 Prox | âš ï¸ Poor course fit | â„¹ï¸ Recent bucket trend strong (short-term) despite baseline fit | â†‘ Approach | For Course Setup - Î”Predâ†’ Î”Trendâ†’ | BucketSig â†‘ z=0.18 (0.077) [Sâ†“ Mâ†“ Lâ†‘ VLâ†“],71,27900,"Potgieter, Aldrich",0,0,-0.79,0.857,-1.840,0.003,267.594,0.018,53.65%,0.036,-1.271,0.016,-0.555,0.377,-0.684,-0.074,-0.031,0.144,-0.178,-0.067,54.74%,0.039,44.20%,0.031,3.777,-0.028,4.786,0.017,72.615,0.000,4.038,0.023,-1.240,0.000,29.292,0.019,58.489,-0.022,78.60%,-1.242,20.254,78.90%,0.252,21.274,51.90%,-0.972,41.838,30.10%,-0.036,65.035,68.00%,-0.234,31.377,48.60%,0.180,44.494,-0.78,-0.56,0.439,-0.010
"â†“ Below field average | ğŸ’ª Approach <100 Prox, Approach >200 FW Prox | ğŸ‘ Good course fit | â†‘ Tee-to-green | For Course Setup - Î”Predâ†’ Î”Trendâ†’ | BucketSig â†“ z=-0.31 (-0.009) [Sâ†“ Mâ†‘ Lâ†‘ VLâ†“]",72,13508,"Vegas, Jhonattan",1,1,-1.04,0.921,-1.986,0.341,265.792,-0.005,48.54%,-0.019,-1.139,0.897,-0.968,0.324,0.065,-0.191,-0.236,-0.748,-0.907,0.121,46.97%,0.000,52.33%,-0.007,2.873,-0.031,4.480,0.042,73.702,0.003,2.794,-0.034,-1.054,0.000,31.124,0.000,61.751,0.000,78.80%,-0.828,20.151,80.00%,-0.612,23.542,58.10%,0.162,38.158,36.30%,0.270,72.105,64.70%,-0.306,32.038,45.20%,-0.252,42.645,-1.03,-0.63,0.187,-0.024