,,,,,,,,,,,,,,,,,,,,,,,,,,,,
,Tournament:,Sony Open in Hawaii,,,"Last updated: 1/19/2026, 9:29:47 AM",,,,,,,,,,,,,,,,,,,,,,,
,Course:,Waialae Country Club,,,Found 120 players from API,,,,,,,,,,,,,,,,,,,,,,,
,Data Date:,2026-01-19 03:15:48 UTC,,,,,,,,,,,,,,,,,,,,,,,,,,
Performance Analysis,DG ID,Player Name,Model Rank,Finish Position,Score,SG Total,SG Total - Model,Driving Distance,Driving Distance - Model,Driving Accuracy,Driving Accuracy - Model,SG T2G,SG T2G - Model,SG Approach,SG Approach - Model,SG Around Green,SG Around Green - Model,SG OTT,SG OTT - Model,SG Putting,SG Putting - Model,Greens in Regulation,Greens in Regulation - Model,Fairway Proximity,Fairway Proximity - Model,Rough Proximity,Rough Proximity - Model,SG BS
âš ï¸ Major model miss: #114 â†’ 1 | â†‘ Approach | ğŸ“ˆ Rough Proximity: trend reversing (5.001) | ğŸ“ˆ Fairway Proximity: trend reversing (2.718) | ğŸ“‰ SG T2G: trend reversing (0.337) | âš ï¸ Success despite model prediction,27774,"Gotterup, Chris",114,1,-16,3.233,-1.417,304.05,309.65,60.71%,74.05%,1.950,-1.459,-0.013,-0.599,0.863,-0.722,1.103,-0.137,1.283,0.029,76.39%,65.03%,25.42,21.75,0.00,34.52,0.000
â†‘ Approach | ğŸ“ˆ Fairway Proximity: trend reversing (2.380) | ğŸ“ˆ Rough Proximity: trend reversing (0.447) | ğŸ“ˆ SG Approach: trend continuing (0.140) | âš ï¸ Success despite model prediction,29767,"Gerard, Ryan",21,2,-14,2.733,1.337,289.98,301.60,71.43%,86.46%,2.410,1.717,1.528,1.374,0.468,0.673,0.413,-0.330,0.325,-0.513,77.78%,83.28%,24.59,23.29,0.00,7.25,0.000
âš ï¸ Major model miss: #98 â†’ 3 | â†“ Approach | ğŸ“‰ Rough Proximity: trend continuing (1.660) | ğŸ“‰ Fairway Proximity: trend continuing (0.938) | ğŸ“‰ SG Total: trend reversing (0.130) | âš ï¸ Success despite model prediction,16283,"Rodgers, Patrick",98,3,-13,2.483,0.935,296.28,293.33,60.71%,68.46%,1.413,0.135,0.540,0.018,0.063,0.024,0.810,0.093,1.070,-0.107,76.39%,71.52%,28.00,1.89,0.00,3.15,0.000
âš ï¸ Major model miss: #62 â†’ T4 | âš ï¸ Success despite model prediction,23323,"MacIntyre, Robert",62,T4,-12,2.233,-0.148,306.05,302.40,55.36%,73.77%,1.910,-0.711,0.785,-0.449,0.250,-0.194,0.878,-0.069,0.318,0.564,79.17%,62.15%,30.49,29.50,0.00,61.40,0.000
âš ï¸ Major model miss: #53 â†’ T4 | â†“ Approach | ğŸ“‰ Rough Proximity: trend continuing (3.999) | ğŸ“‰ Fairway Proximity: trend continuing (2.286) | ğŸ“ˆ SG Total: trend continuing (0.240) | âš ï¸ Success despite model prediction,29433,"Bridgeman, Jacob",53,T4,-12,2.233,0.407,292.33,303.00,51.79%,77.92%,1.103,-0.099,1.005,-0.122,0.140,0.108,-0.038,-0.086,1.125,-0.255,75.00%,69.31%,23.07,4.64,0.00,7.98,0.000
âœ… Success aligned with model,17606,"Berger, Daniel",11,T6,-11,1.983,0.226,296.60,240.94,55.36%,41.53%,1.063,-0.446,0.990,-0.593,-0.198,-0.128,0.270,0.275,0.920,0.869,79.17%,57.93%,25.60,24.11,0.00,42.67,0.000
âš ï¸ Major model miss: #83 â†’ T6 | âš ï¸ Success despite model prediction,17780,"Pendrith, Taylor",83,T6,-11,1.983,0.000,305.55,0.00,55.36%,0.00%,1.203,0.000,0.120,0.000,0.768,0.000,0.313,0.000,0.783,0.000,68.06%,0.00%,30.21,0.00,0.00,0.00,0.000
â†“ Approach | ğŸ“‰ Rough Proximity: trend continuing (0.532) | ğŸ“‰ Fairway Proximity: trend continuing (0.404) | ğŸ“‰ SG Total: trend reversing (0.332) | âš ï¸ Success despite model prediction,25157,"Hodges, Lee",34,T6,-11,1.983,-1.530,293.03,267.15,55.36%,55.99%,0.035,0.005,0.027,0.003,0.078,-0.018,-0.065,0.020,1.943,0.143,75.00%,63.93%,33.63,0.71,0.00,0.89,0.000
âš ï¸ Major model miss: #88 â†’ T6 | â†“ Approach | ğŸ“‰ Rough Proximity: trend continuing (2.363) | ğŸ“‰ Fairway Proximity: trend continuing (1.170) | ğŸ“ˆ SG Total: trend continuing (0.164) | âš ï¸ Success despite model prediction,19872,"Riley, Davis",88,T6,-11,1.983,-2.386,290.16,286.03,55.36%,70.96%,-0.793,0.000,-0.173,-0.026,0.043,-0.006,-0.665,0.031,2.775,0.051,63.89%,66.98%,30.04,1.66,0.00,3.56,0.000
âš ï¸ Success despite model prediction,27194,"Hall, Harry",28,T6,-11,1.983,0.324,297.53,295.57,69.64%,60.20%,1.310,-0.147,0.283,-0.261,0.233,0.513,0.798,-0.399,0.670,0.471,77.78%,57.12%,29.49,32.50,0.00,52.89,0.000
â†‘ Finished better than predicted | âš ï¸ Success despite model prediction,19396,"Knapp, Jake",66,T11,-10,1.733,0.000,297.18,0.00,57.14%,0.00%,0.608,0.000,-0.348,0.000,0.360,0.000,0.595,0.000,1.125,0.000,68.06%,0.00%,31.96,0.00,0.00,0.00,0.000
â†‘ Finished better than predicted | âš ï¸ Success despite model prediction,14609,"Kim, Si Woo",51,T11,-10,1.733,-0.041,296.73,302.95,76.79%,81.72%,2.878,0.000,1.640,0.000,0.220,0.000,1.020,0.000,-1.145,-0.016,81.94%,54.37%,22.56,0.00,0.00,0.00,0.000
â†‘ Finished better than predicted | â†“ Approach | ğŸ“‰ Rough Proximity: trend continuing (1.774) | ğŸ“‰ Fairway Proximity: trend continuing (0.735) | âš ï¸ Success despite model prediction,28309,"Coody, Pierceson",96,T13,-9,1.483,1.127,306.98,282.74,55.36%,62.28%,0.878,0.057,0.023,0.006,0.218,0.006,0.635,0.045,0.603,-0.308,72.22%,61.74%,31.56,1.07,0.00,2.66,0.000
â†‘ Finished better than predicted | â†‘ Overall | ğŸ“ˆ SG Total: trend continuing (0.076) | â†“ Below average performer | âš ï¸ Success despite model prediction,29925,"Yellamaraju, Sudarshan",94,T13,-9,1.483,0.629,298.80,0.00,62.50%,0.00%,0.998,0.000,0.225,0.000,0.180,0.000,0.595,0.000,0.488,0.000,69.44%,0.00%,30.67,0.00,0.00,0.00,0.000
â†‘ Approach | ğŸ“ˆ Rough Proximity: trend reversing (1.808) | ğŸ“ˆ Fairway Proximity: trend reversing (1.670) | ğŸ“ˆ SG Total: trend continuing (0.317) | âœ… Success aligned with model,13562,"Matsuyama, Hideki",2,T13,-9,1.483,1.798,293.25,298.46,60.71%,77.46%,2.110,1.076,1.235,0.301,0.823,0.597,0.053,0.179,-0.625,0.289,68.06%,72.85%,25.10,18.14,0.00,17.69,0.000
â†‘ Finished better than predicted | â†“ Below average performer | âš ï¸ Success despite model prediction,21688,"Kim, S.H.",58,T13,-9,1.483,0.569,290.05,0.00,51.79%,0.00%,0.163,0.000,-0.055,0.000,0.345,0.000,-0.128,0.000,1.315,0.000,72.22%,0.00%,32.05,0.00,0.00,0.00,0.000
âš ï¸ Success despite model prediction,13126,"Taylor, Nick",33,T13,-9,1.483,-0.601,289.95,307.14,62.50%,89.84%,1.113,-0.007,1.060,-0.312,0.140,0.119,-0.085,0.186,0.368,-0.102,80.56%,77.58%,25.79,10.98,0.00,18.65,0.000
â†‘ Finished better than predicted | â†“ Approach | ğŸ“‰ Fairway Proximity: trend continuing (1.129) | ğŸ“‰ Rough Proximity: trend continuing (1.078) | âš ï¸ Success despite model prediction,18424,"Roy, Kevin",67,T13,-9,1.483,-0.324,297.23,277.75,55.36%,61.98%,-0.018,-0.036,-0.923,-0.056,0.775,-0.011,0.130,0.030,1.498,0.437,61.11%,55.85%,30.33,2.31,0.00,2.07,0.000
â†‘ Finished better than predicted | â†“ Below average performer | âš ï¸ Success despite model prediction,20766,"Brown, Daniel",106,T19,-8,1.233,0.000,297.88,0.00,58.93%,0.00%,0.108,0.000,-0.173,0.000,0.338,0.000,-0.055,0.000,1.123,0.000,69.44%,0.00%,28.77,0.00,0.00,0.00,0.000
â†“ Approach | ğŸ“‰ Rough Proximity: trend continuing (5.940) | ğŸ“‰ Fairway Proximity: trend continuing (2.312) | ğŸ“ˆ SG Total: trend continuing (0.167) | âš ï¸ Success despite model prediction,24968,"Griffin, Ben",49,T19,-8,1.233,3.842,302.50,296.17,69.64%,83.51%,1.223,0.218,-0.880,0.161,1.043,0.018,1.063,0.040,0.007,0.186,72.22%,87.08%,32.31,4.81,0.00,10.32,0.000
â†‘ Finished better than predicted | â†“ Approach | ğŸ“‰ Fairway Proximity: trend continuing (1.539) | ğŸ“‰ Rough Proximity: trend continuing (1.197) | ğŸ“ˆ SG Total: trend continuing (0.153) | âš ï¸ Success despite model prediction,27164,"Phillips, Chandler",65,T19,-8,1.233,1.964,292.93,263.84,51.79%,58.39%,0.020,-0.010,0.198,0.005,0.063,0.021,-0.245,-0.036,1.210,-0.005,66.67%,60.01%,28.92,2.86,0.00,1.99,0.000
âœ… Success aligned with model,14578,"Henley, Russell",3,T19,-8,1.233,0.842,289.55,286.89,55.36%,71.44%,0.750,1.385,1.450,0.630,0.023,0.136,-0.725,0.619,0.475,-0.544,72.22%,81.77%,29.59,28.00,0.00,46.85,0.000
â†‘ Finished better than predicted | â†“ Below average performer | âš ï¸ Success despite model prediction,13764,"Parry, John",103,T19,-8,1.233,0.000,293.03,0.00,66.07%,0.00%,-0.033,0.000,-0.458,0.000,-0.108,0.000,0.535,0.000,1.263,0.000,79.17%,0.00%,32.28,0.00,0.00,0.00,0.000
,18634,"McNealy, Maverick",48,T24,-7,0.983,-0.343,298.90,304.90,57.14%,64.32%,0.640,-0.444,0.618,0.286,0.073,0.153,-0.048,-0.883,0.343,0.100,72.22%,75.34%,26.57,27.63,0.00,52.27,0.000
â†“ Approach | ğŸ“‰ Rough Proximity: trend continuing (2.419) | ğŸ“‰ Fairway Proximity: trend continuing (2.167) | ğŸ“‰ SG Total: trend reversing (0.202),13470,"Kizzire, Patton",46,T24,-7,0.983,0.278,289.30,315.55,50.00%,88.89%,-0.585,0.069,-0.080,0.055,0.263,0.040,-0.768,-0.026,1.563,0.363,55.56%,80.46%,33.65,5.30,0.00,4.26,0.000
â†‘ Finished better than predicted | â†‘ Overall | ğŸ“ˆ SG Total: trend continuing (0.240) | â†“ Below average performer,20954,"Hirata, Kensei",93,T24,-7,0.983,-2.368,292.18,0.00,80.36%,0.00%,1.058,0.000,0.755,0.000,-0.405,0.000,0.710,0.000,-0.078,0.000,80.56%,0.00%,28.08,0.00,0.00,0.00,0.000
âŒ Underperformed model prediction,14502,"Cauley, Bud",14,T24,-7,0.983,0.157,295.48,267.92,57.14%,72.43%,0.813,0.000,0.300,0.000,0.270,0.000,0.243,0.000,0.168,-0.030,75.00%,61.91%,31.30,0.00,0.00,0.00,0.000
â†“ Below average performer | âŒ Underperformed model prediction,22002,"Dumont De Chassart, Adrien",15,T24,-7,0.983,2.106,301.68,0.00,55.36%,0.00%,1.775,0.000,-0.035,0.000,1.090,0.000,0.720,0.000,-0.793,-0.419,70.83%,0.00%,27.05,0.00,0.00,0.00,0.000
â†‘ Finished better than predicted,14636,"Spieth, Jordan",110,T24,-7,0.983,-3.121,295.75,304.24,51.79%,76.82%,0.650,-1.588,0.095,-0.889,0.368,-0.061,0.190,-0.637,0.333,-1.532,69.44%,62.25%,29.60,33.20,0.00,58.51,0.000
âŒ Underperformed model prediction,17576,"Conners, Corey",7,T24,-7,0.983,1.552,290.95,300.31,69.64%,80.05%,1.755,1.692,1.973,1.034,-0.403,0.301,0.183,0.357,-0.775,-0.139,77.78%,76.57%,21.48,27.30,0.00,76.78,0.000
â†“ Approach | ğŸ“‰ Fairway Proximity: trend continuing (0.687),10104,"Power, Seamus",36,T31,-6,0.733,1.453,291.38,266.84,64.29%,58.22%,0.398,0.012,1.065,0.026,-0.503,-0.046,-0.170,0.032,0.335,0.020,76.39%,69.09%,27.74,1.18,0.00,0.33,0.000
â†‘ Finished better than predicted,17543,"Kim, Michael",64,T31,-6,0.733,-1.289,289.20,273.49,50.00%,61.02%,-0.905,0.000,0.518,0.000,0.023,0.000,-1.443,0.000,1.635,0.000,65.28%,60.34%,32.18,0.00,0.00,0.00,0.000
â†‘ Finished better than predicted,11451,"Garnett, Brice",117,T31,-6,0.733,-1.115,283.93,293.38,67.86%,80.70%,0.825,-0.835,0.950,-0.042,0.393,-0.985,-0.510,0.192,-0.093,-0.057,72.22%,70.92%,27.39,29.87,0.00,65.15,0.000
â†“ Below average performer,25739,"Yonezawa, Ren",55,T31,-6,0.733,0.901,288.20,278.98,60.71%,83.60%,1.605,0.000,0.745,0.000,0.688,0.000,0.175,0.000,-0.875,0.000,80.56%,73.36%,28.30,0.00,0.00,0.00,0.000
â†‘ Finished better than predicted | â†“ Approach | ğŸ“‰ Rough Proximity: trend continuing (2.644) | ğŸ“‰ Fairway Proximity: trend continuing (1.372),23014,"Theegala, Sahith",75,T31,-6,0.733,0.648,291.88,272.01,57.14%,56.35%,0.155,0.134,-0.430,0.157,1.093,0.041,-0.508,-0.063,0.575,-0.156,66.67%,67.60%,29.32,4.42,0.00,9.57,0.000
â†‘ Finished better than predicted | â†“ Approach | ğŸ“‰ Rough Proximity: trend continuing (2.825) | ğŸ“‰ Fairway Proximity: trend continuing (0.756) | ğŸ“ˆ SG Total: trend continuing (0.161),19729,"Kanaya, Takumi",109,T31,-6,0.733,1.651,293.80,263.43,58.93%,78.76%,0.103,-0.007,-0.258,-0.020,0.223,0.019,0.135,-0.007,0.630,-0.123,68.06%,59.01%,35.66,1.13,0.00,3.83,0.000
â†‘ Finished better than predicted | â†“ Approach | ğŸ“‰ Rough Proximity: trend continuing (1.707) | ğŸ“‰ Fairway Proximity: trend continuing (0.634) | ğŸ“ˆ SG Total: trend continuing (0.176),25002,"Wu, Dylan",85,T31,-6,0.733,2.079,291.23,110.83,60.71%,64.27%,-0.038,0.012,0.543,-0.065,-0.758,0.022,0.178,0.055,0.768,-0.285,79.17%,71.46%,28.80,1.40,0.00,3.92,0.000
â†‘ Finished better than predicted | â†“ Approach | ğŸ“‰ Rough Proximity: trend continuing (1.620) | ğŸ“‰ Fairway Proximity: trend continuing (1.114) | ğŸ“ˆ SG Approach: trend continuing (0.052),25569,"Stevens, Sam",89,T31,-6,0.733,-0.287,300.60,276.85,58.93%,47.48%,0.790,-0.052,1.050,-0.081,-0.238,0.017,-0.028,0.011,-0.058,-0.081,75.00%,62.88%,27.86,1.63,0.00,2.31,0.000
â†‘ Finished better than predicted | â†“ Driving | ğŸ“‰ Driving Distance: trend reversing (23.734) | ğŸ“‰ Fairway Proximity: trend continuing (1.614) | ğŸ“‰ Rough Proximity: trend continuing (1.121),27819,"Castillo, Ricky",80,T31,-6,0.733,-0.010,300.00,156.54,66.07%,56.77%,-0.278,-0.070,-0.820,-0.134,-0.398,-0.030,0.938,0.094,1.008,0.477,68.06%,61.74%,32.85,3.19,0.00,1.63,0.000
â†“ Finished worse than predicted | â†‘ Approach | ğŸ“ˆ Rough Proximity: trend reversing (3.019) | ğŸ“ˆ Fairway Proximity: trend reversing (1.521) | âŒ Underperformed model prediction,17536,"Spaun, J.J.",1,T40,-5,0.483,2.163,293.00,307.65,69.64%,84.67%,1.193,1.709,-0.118,0.294,1.113,0.716,0.200,0.698,-0.713,-0.476,68.06%,76.45%,29.89,17.90,0.00,47.71,0.000
,19870,"McCarthy, Denny",59,T40,-5,0.483,-0.393,297.25,249.74,57.14%,52.34%,0.000,-1.047,-0.165,-0.582,-0.363,-0.245,0.533,-0.221,0.480,0.594,72.22%,68.63%,29.56,28.37,0.00,29.91,0.000
â†“ Finished worse than predicted | â†“ Approach | ğŸ“‰ Rough Proximity: trend continuing (3.634) | ğŸ“‰ Fairway Proximity: trend continuing (2.112) | ğŸ“ˆ SG Total: trend continuing (0.058) | âŒ Underperformed model prediction,15575,"Hoge, Tom",8,T40,-5,0.483,0.669,291.95,306.12,55.36%,89.78%,0.215,0.119,0.200,0.206,0.100,-0.036,-0.083,-0.051,0.268,-0.367,65.28%,75.58%,26.82,5.22,0.00,9.28,0.000
â†“ Approach | ğŸ“‰ Rough Proximity: trend continuing (1.034) | ğŸ“ˆ Fairway Proximity: trend reversing (2.047) | ğŸ“‰ SG Total: trend reversing (0.087) | âŒ Underperformed model prediction,28159,"Meissner, Mac",20,T40,-5,0.483,0.834,291.88,305.21,60.71%,87.21%,0.190,0.969,0.508,0.347,-0.158,0.006,-0.160,0.615,0.293,-0.027,76.39%,81.23%,27.37,26.74,0.00,18.91,0.000
â†‘ Finished better than predicted | â†“ Approach | ğŸ“‰ Fairway Proximity: trend continuing (0.717) | ğŸ“‰ Rough Proximity: trend continuing (0.624) | ğŸ“ˆ SG Total: trend continuing (0.125),25908,"Whaley, Vince",86,T40,-5,0.483,2.450,288.90,260.48,58.93%,58.03%,-0.513,-0.027,-0.648,-0.014,0.103,0.012,0.035,-0.024,0.993,0.131,68.06%,60.17%,32.80,1.05,0.00,0.89,0.000
â†“ Finished worse than predicted | â†‘ Approach | ğŸ“ˆ Fairway Proximity: trend reversing (1.755) | ğŸ“ˆ Rough Proximity: trend reversing (1.279) | ğŸ“ˆ SG Total: trend continuing (0.399) | âŒ Underperformed model prediction,21891,"Kitayama, Kurt",5,T40,-5,0.483,1.868,302.78,310.97,64.29%,73.80%,1.000,1.776,0.330,0.848,0.018,0.302,0.655,0.625,-0.518,0.152,77.78%,73.96%,31.04,19.76,0.00,62.89,0.000
â†‘ Finished better than predicted,6430,"Scott, Adam",74,T40,-5,0.483,0.635,295.53,296.79,80.36%,69.12%,0.918,0.000,0.438,0.000,-0.390,0.000,0.870,0.000,-0.435,0.000,72.22%,70.04%,27.57,0.00,0.00,0.00,0.000
â†“ Below average performer,653,"Singh, Vijay",37,T40,-5,0.483,0.000,282.90,0.00,55.36%,0.00%,0.135,0.000,0.115,0.000,0.698,0.000,-0.678,0.000,0.348,0.000,69.44%,0.00%,31.76,0.00,0.00,0.00,0.000
â†“ Approach | ğŸ“‰ Rough Proximity: trend continuing (1.194) | ğŸ“‰ Fairway Proximity: trend continuing (1.019) | ğŸ“ˆ SG Total: trend continuing (0.390),18474,"Smalley, Alex",63,T40,-5,0.483,2.770,295.28,264.16,58.93%,55.33%,0.105,-0.166,-0.028,-0.120,0.253,-0.065,-0.125,0.018,0.380,-0.337,66.67%,66.11%,31.36,3.67,0.00,4.46,0.000
â†‘ Finished better than predicted | â†“ Driving | ğŸ“‰ Driving Distance: trend reversing (24.261) | ğŸ“‰ Fairway Proximity: trend continuing (0.667) | ğŸ“‰ Rough Proximity: trend continuing (0.254),13997,"Svensson, Adam",72,T40,-5,0.483,1.361,289.58,124.07,66.07%,65.08%,1.233,0.017,0.323,0.011,0.550,0.036,0.368,-0.029,-0.750,-0.262,63.89%,70.65%,28.35,1.11,0.00,0.58,0.000
,18554,"Rai, Aaron",54,T50,-4,0.233,-2.439,286.00,289.90,60.71%,87.13%,0.120,-0.915,0.758,-0.157,-0.115,0.052,-0.523,-0.809,0.113,-1.524,75.00%,66.95%,30.05,29.13,0.00,51.46,0.000
â†‘ Finished better than predicted | â†‘ Driving | ğŸ“ˆ Driving Distance: trend continuing (21.522) | ğŸ“‰ SG Total: trend reversing (0.445) | ğŸ“ˆ Greens in Regulation: trend continuing (0.058) | â†“ Below average performer,28016,"Gonzalez, Emilio",90,T50,-4,0.233,-2.295,290.23,242.77,60.71%,66.28%,-0.845,0.000,-0.910,0.000,0.633,0.000,-0.568,0.000,1.078,0.000,66.67%,67.04%,38.17,0.00,0.00,0.00,0.000
â†‘ Finished better than predicted | â†“ Approach | ğŸ“‰ Rough Proximity: trend continuing (2.270) | ğŸ“‰ Fairway Proximity: trend continuing (1.286) | ğŸ“‰ SG Total: trend reversing (0.314),31343,"Ford, David",116,T50,-4,0.233,-0.873,297.25,288.75,71.43%,71.81%,0.835,0.103,0.285,0.032,-0.198,-0.018,0.750,0.089,-0.608,-0.160,77.78%,65.69%,31.14,2.46,0.00,3.83,0.000
â†“ Driving | ğŸ“‰ Driving Distance: trend reversing (22.576) | ğŸ“‰ Rough Proximity: trend continuing (0.431) | ğŸ“‰ Fairway Proximity: trend continuing (0.279),17639,"Blair, Zac",50,T50,-4,0.233,1.111,282.58,111.15,62.50%,67.90%,0.710,0.019,1.238,0.016,0.233,-0.006,-0.760,0.008,-0.483,0.081,72.22%,62.19%,31.24,0.54,0.00,0.69,0.000
â†“ Approach | ğŸ“‰ Rough Proximity: trend continuing (0.955) | ğŸ“‰ Fairway Proximity: trend continuing (0.669),23504,"Hoey, Rico",69,T50,-4,0.233,1.306,295.58,271.81,57.14%,55.89%,0.060,0.067,0.028,0.052,-0.345,-0.017,0.375,0.032,0.173,-0.007,68.06%,66.12%,29.00,1.00,0.00,1.46,0.000
â†‘ Finished better than predicted | â†“ Approach | ğŸ“‰ Fairway Proximity: trend continuing (0.904) | ğŸ“‰ Rough Proximity: trend continuing (0.898) | ğŸ“‰ SG Total: trend continuing (0.193),19960,"Pavon, Matthieu",113,T55,-3,-0.017,-0.867,296.41,281.85,53.57%,63.64%,-1.050,-0.007,-0.663,-0.007,0.153,-0.046,-0.538,0.046,1.033,-0.101,58.33%,73.97%,35.41,1.30,0.00,1.26,0.000
â†“ Finished worse than predicted | â†“ Overall | ğŸ“‰ SG Total: trend continuing (0.266) | â†“ Below average performer,16757,"Dou, Zecheng",22,T55,-3,-0.018,1.048,296.33,0.00,50.00%,0.00%,0.093,0.000,-0.038,0.000,0.413,0.000,-0.290,0.000,-0.108,0.000,66.67%,0.00%,31.72,0.00,0.00,0.00,0.000
,11049,"Simpson, Webb",31,T55,-3,-0.018,-2.077,293.29,293.59,57.14%,53.20%,-0.115,-1.435,0.360,-2.421,-0.058,1.112,-0.418,-0.126,0.095,-0.425,68.06%,60.60%,28.58,31.23,0.00,47.95,0.000
â†“ Driving | ğŸ“‰ Driving Distance: trend reversing (23.864) | ğŸ“‰ Rough Proximity: trend continuing (0.665) | ğŸ“‰ Fairway Proximity: trend continuing (0.268),24550,"Ghim, Doug",32,T55,-3,-0.018,1.196,297.30,118.68,60.71%,62.28%,0.100,-0.007,-1.105,0.002,0.668,-0.017,0.538,0.007,-0.120,0.086,65.28%,65.03%,30.68,0.54,0.00,0.99,0.000
â†‘ Finished better than predicted | â†“ Below average performer,15310,"Li, Haotong",104,T55,-3,-0.018,0.000,294.70,0.00,66.07%,0.00%,1.065,0.000,0.538,0.000,0.040,0.000,0.490,0.000,-1.083,0.000,75.00%,0.00%,29.59,0.00,0.00,0.00,0.000
â†‘ Approach | ğŸ“ˆ Fairway Proximity: trend reversing (2.868) | ğŸ“‰ Rough Proximity: trend continuing (0.157) | ğŸ“‰ SG Approach: trend reversing (0.222),28635,"McCarty, Matt",35,T55,-3,-0.018,2.105,293.40,307.44,67.86%,79.97%,0.170,0.046,0.305,-0.589,-0.703,0.056,0.570,0.578,-0.188,1.592,77.78%,72.77%,28.80,30.13,0.00,25.36,0.000
,6986,"Johnson, Zach",52,T61,-2,-0.268,1.000,286.93,276.40,64.29%,57.69%,-0.723,-0.527,-0.375,0.633,0.143,-0.430,-0.493,-0.730,0.453,1.251,62.50%,75.73%,38.11,27.31,0.00,30.01,0.000
â†“ Approach | ğŸ“‰ Rough Proximity: trend continuing (3.193) | ğŸ“‰ Fairway Proximity: trend continuing (2.019) | ğŸ“‰ SG Approach: trend reversing (0.054),28270,"Dunlap, Nick",76,T61,-2,-0.268,1.515,284.09,302.11,48.21%,88.28%,-0.180,-0.040,1.953,0.139,-0.330,0.000,-1.803,-0.179,-0.090,-0.110,72.22%,85.71%,27.13,4.61,0.00,8.03,0.000
â†“ Finished worse than predicted,8825,"Harman, Brian",30,T61,-2,-0.268,-0.726,294.88,295.81,55.36%,75.46%,-0.465,-1.006,-0.383,-0.719,-0.010,0.270,-0.073,-0.557,0.198,0.071,72.22%,59.83%,31.62,33.91,0.00,60.54,0.000
â†“ Approach | ğŸ“‰ Rough Proximity: trend continuing (3.893) | ğŸ“‰ Fairway Proximity: trend continuing (1.951) | ğŸ“ˆ SG Total: trend reversing (0.085),24766,"Kim, Tom",42,T61,-2,-0.268,-0.165,282.73,277.46,75.00%,63.76%,-0.395,0.037,-0.915,0.002,0.173,0.105,0.353,-0.070,0.123,0.104,63.89%,70.82%,35.23,4.75,0.00,8.64,0.000
â†“ Finished worse than predicted | â†‘ Driving | ğŸ“ˆ Driving Distance: trend continuing (26.453) | ğŸ“‰ SG Total: trend continuing (0.331) | ğŸ“ˆ Greens in Regulation: trend continuing (0.060) | â†“ Below average performer,32457,"Keefer, Johnny",27,T61,-2,-0.268,-0.293,308.25,177.82,60.71%,48.19%,0.530,0.000,0.873,0.000,-0.828,0.000,0.480,0.000,-0.798,0.019,77.78%,41.79%,26.35,0.00,0.00,0.00,0.000
â†“ Approach | ğŸ“‰ Rough Proximity: trend continuing (1.012) | ğŸ“‰ Fairway Proximity: trend continuing (0.768) | ğŸ“‰ SG Total: trend continuing (0.259),17365,"Mitchell, Keith",43,T66,-1,-0.518,-0.680,304.45,315.34,62.50%,72.36%,-0.110,-0.010,-0.323,-0.024,-0.628,-0.004,0.840,0.018,-0.408,0.035,75.00%,74.33%,30.10,1.08,0.00,1.42,0.000
â†‘ Finished better than predicted | â†“ Below average performer,18586,"Smith, Jordan",102,T66,-1,-0.518,0.000,292.88,0.00,75.00%,0.00%,0.245,0.000,0.010,0.000,-0.398,0.000,0.628,0.000,-0.765,0.000,70.83%,0.00%,33.01,0.00,0.00,0.00,0.000
â†‘ Finished better than predicted | â†“ Approach | ğŸ“‰ Rough Proximity: trend continuing (2.096) | ğŸ“‰ Fairway Proximity: trend continuing (0.892),28469,"Highsmith, Joe",101,T66,-1,-0.518,-2.006,296.23,299.31,58.93%,79.66%,-0.623,-0.594,-0.190,-0.275,-0.630,-0.188,0.198,-0.130,0.105,-0.237,66.67%,68.49%,28.78,8.81,0.00,20.84,0.000
â†“ Approach | ğŸ“‰ Rough Proximity: trend continuing (1.428) | ğŸ“‰ Fairway Proximity: trend continuing (0.987) | ğŸ“‰ SG Total: trend continuing (0.056),16333,"Hubbard, Mark",73,T66,-1,-0.518,-1.008,289.50,277.40,46.43%,69.66%,-0.698,0.045,0.045,0.055,-0.005,-0.017,-0.738,0.007,0.178,-0.202,70.83%,64.72%,28.99,3.54,0.00,4.96,0.000
â†“ Finished worse than predicted | â†“ Overall | ğŸ“‰ SG Total: trend continuing (0.055) | â†“ Below average performer | âŒ Underperformed model prediction,19846,"Bauchou, Zach",15,70,N/A,-0.768,-0.657,293.43,0.00,51.79%,0.00%,-0.348,0.000,0.280,0.000,-0.558,0.000,-0.073,0.000,-0.423,0.000,73.61%,0.00%,27.75,0.00,0.00,0.00,0.000
â†“ Approach | ğŸ“‰ Rough Proximity: trend continuing (2.245) | ğŸ“‰ Fairway Proximity: trend continuing (1.467) | ğŸ“‰ SG Total: trend continuing (0.627),19840,"Ramey, Chad",97,T71,1,-1.018,-1.503,296.45,281.70,62.50%,69.24%,-1.055,0.074,-0.768,-0.022,-0.280,0.040,-0.010,0.056,0.038,-0.172,62.50%,63.42%,31.85,2.88,0.00,3.44,0.000
â†‘ Finished better than predicted | â†“ Approach | ğŸ“‰ Rough Proximity: trend continuing (1.655) | ğŸ“‰ Fairway Proximity: trend continuing (1.009) | ğŸ“ˆ SG Total: trend reversing (0.103),29770,"Mouw, William",115,T71,1,-1.018,0.287,295.15,314.87,58.93%,85.52%,-0.808,-0.122,0.715,-0.153,-0.708,0.006,-0.813,0.025,-0.210,-0.199,66.67%,83.55%,27.96,3.45,0.00,4.58,0.000
â†“ Below average performer,28268,"Kaneko, Kota",57,73,3,-1.518,0.981,281.90,108.83,64.29%,73.17%,-2.203,0.000,-1.573,0.000,0.348,0.000,-0.980,0.000,0.685,0.000,61.11%,69.24%,36.76,0.00,0.00,0.00,0.000
â†‘ Approach | ğŸ“ˆ Rough Proximity: trend reversing (4.130) | ğŸ“ˆ Fairway Proximity: trend reversing (1.585) | ğŸ“‰ SG Total: trend continuing (0.176),11276,"Horschel, Billy",71,74,4,-1.768,0.003,290.15,296.70,55.36%,73.11%,-1.120,-0.516,-0.380,0.474,-0.388,-0.201,-0.350,-0.789,-0.650,0.574,63.89%,73.10%,31.57,28.99,0.00,58.61,0.000
,21756,"Cole, Eric",29,CUT,N/A,-0.565,-0.075,286.60,273.69,50.00%,67.31%,0.370,0.006,-0.025,0.014,0.865,-0.003,-0.465,-0.005,-0.935,0.074,55.56%,68.92%,33.68,0.40,0.00,0.73,0.000
,15470,"Hossler, Beau",107,CUT,N/A,-0.565,-0.621,290.20,281.34,53.57%,61.70%,-0.790,-0.047,-0.985,-0.137,0.220,0.034,-0.030,0.055,0.220,0.086,55.56%,68.66%,32.54,2.06,0.00,4.44,0.000
,13872,"Bradley, Keegan",45,CUT,N/A,-0.565,-0.165,296.10,299.26,75.00%,71.16%,-0.455,-1.008,-1.005,0.063,-0.780,-0.683,1.330,-0.387,-0.110,0.843,69.44%,71.47%,30.73,30.50,0.00,49.14,0.000
,22985,"Smotherman, Austin",94,CUT,N/A,-0.565,0.501,289.00,0.00,50.00%,0.00%,0.080,0.000,0.890,0.000,-0.530,0.000,-0.280,0.000,-0.645,0.000,58.33%,0.00%,30.61,0.00,0.00,0.00,0.000
,26653,"Eckroat, Austin",47,CUT,N/A,-0.565,-0.389,287.12,310.51,64.29%,83.67%,-0.670,0.028,0.905,0.015,-0.830,0.001,-0.750,0.012,0.110,0.242,72.22%,73.98%,24.37,0.70,0.00,0.60,0.000
,22085,"Morikawa, Collin",6,CUT,N/A,-0.565,1.774,295.35,307.89,75.00%,72.63%,0.960,0.134,0.325,0.005,-0.435,0.005,1.070,0.123,-1.525,-0.109,72.22%,72.30%,25.20,5.06,0.00,7.75,0.000
,26657,"Fisk, Steven",70,CUT,N/A,-0.565,1.193,290.10,272.98,67.86%,54.39%,-0.990,0.049,-0.630,0.012,-0.760,0.044,0.410,-0.007,0.425,0.095,69.44%,65.18%,33.98,1.21,0.00,2.49,0.000
,22760,"Hisatsune, Ryo",100,CUT,N/A,-0.565,-1.380,295.10,269.20,60.71%,58.74%,0.530,0.021,-0.415,-0.008,0.485,-0.001,0.455,0.030,-1.095,-0.204,72.22%,65.85%,29.48,0.75,0.00,1.15,0.000
,12909,"Campos, Rafael",118,CUT,1,-1.065,-1.007,291.60,282.27,64.29%,57.94%,-1.625,-0.306,-2.105,-0.193,-0.020,-0.051,0.505,-0.062,0.555,0.158,69.44%,67.69%,35.45,5.75,0.00,9.93,0.000
,12423,"Kirk, Chris",4,CUT,1,-1.065,0.692,286.85,256.12,57.14%,56.59%,-0.150,1.531,0.495,1.110,-1.090,0.442,0.435,-0.022,-0.910,-0.651,75.00%,69.14%,30.67,22.87,0.00,23.89,0.000
,32330,"Clanton, Luke",87,CUT,1,-1.065,-0.448,291.25,285.91,57.14%,62.00%,0.520,-0.072,0.415,0.011,0.285,-0.048,-0.185,-0.034,-1.580,-0.059,75.00%,69.83%,27.85,2.72,0.00,6.53,0.000
,30620,"Chatfield, Davis",61,CUT,1,-1.065,1.344,282.15,0.00,75.00%,0.00%,-0.270,0.000,-0.755,0.000,0.185,0.000,0.300,0.000,-0.795,0.000,63.89%,0.00%,33.51,0.00,0.00,0.00,0.000
,23505,"McGreevy, Max",44,CUT,1,-1.065,1.990,295.25,264.70,71.43%,62.66%,0.795,0.038,1.275,0.007,-0.285,-0.010,-0.200,0.041,-1.855,0.299,80.56%,73.96%,24.25,0.97,0.00,0.61,0.000
,15756,"Higa, Kazuki",55,CUT,1,-1.065,1.205,280.85,287.95,60.71%,77.92%,-0.565,0.000,0.260,0.000,-0.335,0.000,-0.490,0.000,-0.500,0.000,61.11%,59.87%,27.65,0.00,0.00,0.00,0.000
,20722,"Schmid, Matti",111,CUT,1,-1.065,0.866,302.80,269.33,50.00%,56.25%,-0.990,0.000,-0.955,-0.002,0.280,-0.001,-0.320,0.003,-0.070,0.008,66.67%,59.35%,34.58,0.19,0.00,0.21,0.000
,17550,"Van Rooyen, Erik",82,CUT,1,-1.065,-2.750,299.75,302.64,64.29%,70.65%,-1.070,-0.499,-0.720,-0.480,-0.865,-0.008,0.520,-0.011,0.005,-0.254,66.67%,67.88%,33.62,13.22,0.00,13.50,0.000
,18628,"Campbell, Brian",84,CUT,1,-1.065,0.253,272.35,267.26,67.86%,74.03%,-0.770,-0.267,-0.680,-0.152,0.635,-0.048,-0.725,-0.066,-0.290,0.030,55.56%,59.16%,31.32,2.21,0.00,4.75,0.000
,25319,"VanDerLaan, John",15,CUT,1,-1.065,-0.468,290.05,0.00,71.43%,0.00%,0.200,0.000,0.645,0.000,-0.430,0.000,-0.025,0.000,-1.260,0.000,66.67%,0.00%,34.59,0.00,0.00,0.00,0.000
,21943,"Lebioda, Hank",22,CUT,2,-1.565,1.775,282.15,0.00,42.86%,0.00%,-0.870,0.000,-0.850,0.000,0.485,0.000,-0.500,0.000,-0.700,0.000,77.78%,0.00%,32.12,0.00,0.00,0.00,0.000
,14792,"Saddier, Adrien",37,CUT,2,-1.565,0.000,288.57,0.00,64.29%,0.00%,-1.925,0.000,-1.535,0.000,0.325,0.000,-0.710,0.000,0.355,0.000,47.22%,0.00%,35.37,0.00,0.00,0.00,0.000
,32081,"Nagasaki, Taisei",37,CUT,2,-1.565,0.000,296.25,0.00,71.43%,0.00%,-1.285,0.000,-1.320,0.000,-0.540,0.000,0.575,0.000,-0.285,0.000,63.89%,0.00%,32.08,0.00,0.00,0.00,0.000
,17786,"Davis, Cam",79,CUT,2,-1.565,0.000,297.60,0.00,53.57%,0.00%,-0.415,0.000,0.265,0.000,-0.315,0.000,-0.360,0.000,-1.155,0.000,69.44%,0.00%,29.47,0.00,0.00,0.00,0.000
,25003,"Walker, Danny",99,CUT,2,-1.565,-2.341,291.80,283.23,53.57%,58.51%,-0.525,-0.957,-0.445,-0.535,0.290,-0.136,-0.365,-0.285,-1.040,0.638,55.56%,55.24%,30.56,11.81,0.00,39.46,0.000
,16162,"Lee, Seung-taek",22,CUT,2,-1.565,2.058,289.20,0.00,39.29%,0.00%,-2.490,0.000,-1.745,0.000,-0.350,0.000,-0.395,0.000,0.920,0.000,52.78%,0.00%,38.51,0.00,0.00,0.00,0.000
,21883,"Ewart, A.J.",12,CUT,3,-2.065,3.102,295.10,0.00,57.14%,68.91%,-0.775,0.000,-0.785,0.000,-0.365,0.000,0.375,0.000,-1.295,0.000,63.89%,72.42%,32.88,0.00,0.00,0.00,0.000
,27183,"Salinda, Isaiah",108,CUT,3,-2.065,0.767,302.45,275.03,60.71%,59.58%,-0.790,0.138,-1.210,0.073,-0.250,-0.005,0.670,0.070,-1.275,-0.618,63.89%,62.35%,33.29,2.09,0.00,2.17,0.000
,12577,"Woodland, Gary",68,CUT,3,-2.065,-1.708,302.10,289.28,57.14%,69.10%,-1.445,0.150,-1.660,0.065,-0.820,-0.039,1.035,0.125,-0.620,0.060,63.89%,67.30%,30.41,3.90,0.00,5.49,0.000
,12808,"Grillo, Emiliano",9,CUT,3,-2.065,0.376,286.50,301.92,67.86%,88.46%,-0.600,0.015,0.130,-0.043,-0.380,-0.008,-0.350,0.066,-1.460,0.133,58.33%,79.54%,30.13,2.33,0.00,0.84,0.000
,17032,"Tosti, Alejandro",112,CUT,3,-2.065,2.770,301.15,0.00,53.57%,67.53%,-0.140,0.000,-0.570,0.000,0.545,0.000,-0.110,0.000,-1.925,0.000,66.67%,81.81%,30.67,0.00,0.00,0.00,0.000
,29197,"Brennan, Michael",10,CUT,4,-2.565,1.172,312.15,280.09,75.00%,59.06%,-1.215,0.091,-1.490,0.016,-0.450,0.013,0.720,0.062,-1.345,-0.046,63.89%,61.41%,33.59,0.91,0.00,2.09,0.000
,21074,"Nakajima, Keita",92,CUT,4,-2.565,0.247,293.95,292.81,53.57%,56.32%,-1.180,0.000,-0.675,0.000,-0.545,0.000,0.035,0.000,-1.380,0.000,69.44%,66.00%,36.95,0.00,0.00,0.00,0.000
,10047735,"Kozuma, Corey",37,CUT,4,-2.565,0.000,284.85,0.00,42.86%,0.00%,-1.680,0.000,-0.510,0.000,-0.120,0.000,-1.045,0.000,-0.885,0.000,69.44%,0.00%,45.74,0.00,0.00,0.00,0.000
,30814,"Sargent, Gordon",119,CUT,4,-2.565,-1.416,298.65,312.69,50.00%,80.34%,-1.505,-0.088,-0.410,-0.017,-0.975,0.080,-0.125,-0.152,-1.055,0.014,63.89%,75.45%,32.14,5.31,0.00,17.48,0.000
,14926,"Malnati, Peter",120,CUT,5,-3.065,-0.413,288.80,297.47,46.43%,26.02%,-4.420,-1.181,-1.915,0.668,-1.005,-0.724,-1.510,-1.125,1.360,0.768,63.89%,69.91%,35.92,28.65,0.00,42.71,0.000
,11676,"Finau, Tony",77,CUT,6,-3.565,0.000,299.20,0.00,57.14%,0.00%,-2.525,0.000,-1.920,0.000,0.050,0.000,-0.645,0.000,-1.045,0.000,52.78%,0.00%,34.18,0.00,0.00,0.00,0.000
,25475,"Nyholm, Pontus",60,CUT,6,-3.565,-1.391,285.80,0.00,32.14%,0.00%,-3.365,0.000,-1.970,0.000,0.720,0.000,-2.115,0.000,-0.200,0.000,55.56%,0.00%,44.03,0.00,0.00,0.00,0.000
,22833,"Echavarria, Nico",81,CUT,7,-4.065,0.456,288.65,262.82,50.00%,63.53%,-1.445,-0.003,-0.515,-0.001,-0.675,0.001,-0.260,-0.002,-2.615,0.495,66.67%,66.76%,30.77,0.08,0.00,0.14,0.000
,24956,"Blanchet, Chandler",26,CUT,7,-4.065,3.872,276.25,0.00,64.29%,0.00%,-1.800,0.000,0.100,0.000,-1.250,0.000,-0.650,0.000,-2.260,0.000,58.33%,0.00%,23.69,0.00,0.00,0.00,0.000
,21889,"Kang, Jeffrey",15,CUT,7,-4.065,0.198,287.50,0.00,42.86%,0.00%,-1.920,0.000,-0.125,0.000,-0.820,0.000,-0.975,0.000,-2.150,0.000,58.33%,0.00%,33.79,0.00,0.00,0.00,0.000
,32055,"Shipley, Neal",12,CUT,8,-4.565,2.267,300.45,0.00,60.71%,0.00%,-2.420,0.000,-1.500,0.000,-0.725,0.000,-0.195,0.000,-2.145,0.000,58.33%,0.00%,34.61,0.00,0.00,0.00,0.000
,16591,"Rozo, Marcelo",15,CUT,8,-4.565,1.665,282.50,0.00,57.14%,36.26%,-1.775,0.000,0.925,0.000,-1.135,0.000,-1.570,0.000,-2.785,0.000,69.44%,37.43%,31.42,0.00,0.00,0.00,0.000
,19477,"Schenk, Adam",78,CUT,8,-4.565,2.205,292.61,270.27,46.43%,60.37%,-2.695,0.003,-1.840,0.016,0.100,0.007,-0.955,-0.020,-1.870,-0.139,52.78%,63.80%,36.77,1.05,0.00,0.87,0.000
,30041790,"Cabello, Anson",37,CUT,8,-4.565,0.000,275.55,0.00,50.00%,0.00%,-4.755,0.000,-2.690,0.000,-0.290,0.000,-1.775,0.000,0.190,0.000,44.44%,0.00%,37.60,0.00,0.00,0.00,0.000
,24343,"Lamprecht, Christo",22,CUT,9,-5.065,1.964,299.70,0.00,46.43%,0.00%,-2.325,0.000,-1.230,0.000,-0.855,0.000,-0.245,0.000,-2.735,0.000,61.11%,0.00%,39.28,0.00,0.00,0.00,0.000
,21407,"Reitan, Kristoffer",104,CUT,15,-8.065,0.000,289.72,0.00,50.00%,0.00%,-4.750,0.000,-2.370,0.000,-1.850,0.000,-0.530,0.000,-3.315,0.000,55.56%,0.00%,34.15,0.00,0.00,0.00,0.000
,24223,"Sugiura, Yuta",91,WD,N/A,-3.285,1.335,287.32,0.00,64.00%,73.89%,-1.695,0.000,-0.605,0.000,-0.265,0.000,-0.830,0.000,-1.590,0.000,56.25%,64.40%,34.13,0.00,0.00,0.00,0.000